4bf58dd8d48988d1ae941735,-1.955221437102929,0.4247998374110878,-0.1111691105642677,0.6733485047467526,-0.2487037902070152,0.3497971497935067,1.1752864776396554,1.3580879324789652,2.587980388261722,-1.237370592359377
4bf58dd8d48988d1e8941735,-1.1313081930618822,0.7348449822997586,-0.05572741061213743,-0.6232805999377558,-0.20806447517475854,-1.7140438562481308,-0.27372458618887296,0.3485179716386017,0.23336941339726944,0.5894001534224994
4eb1bea83b7b6f98df247e06,-0.9258210747091898,0.9610566433436019,-0.023733236743546465,-0.3632661053170265,0.9605126093354571,-0.976333058476804,-0.8400587140865681,-0.1245310982002784,0.7904764721107642,0.3823524781440975
4bf58dd8d48988d164941735,-0.31912599158508975,-0.4404448348095334,-0.36999467807732456,0.44197356667952487,0.8962785255606233,-1.5249278840465497,-0.8119968477285624,1.084055922173866,0.8004669138773934,0.5946197503604078
4d4b7105d754a06378d81259,-0.011701631178289958,-0.0014621578562274986,-0.0061265416587990605,0.00289990438368812,0.005233893150220557,-0.011823820305985656,-0.0016715724298982956,0.007924277381059124,0.010545298707438666,0.005448276187280165
4bf58dd8d48988d144941735,-0.32216115926797384,-0.38777977833374033,-0.08597217396097574,0.1563710716862945,-0.14142967062231993,-0.6100903943631255,0.20092334248010243,0.34910422723645074,0.11699723261907202,0.17766253296131987
5032891291d4c4b30a586d68,-0.36289573110125045,-0.07813904506343507,-0.1713205040318996,0.09138600668753451,0.22015902969317963,-0.29661786063966505,-0.031001543306099763,0.19350341669371462,0.38826730466617343,0.0785314488487446
4bf58dd8d48988d15d941735,-0.14151331432830838,0.02311146075155402,-0.10130952346293551,-0.19461529697747784,0.2814068681413607,-0.5686995657519386,-0.30653785768660996,0.29144740483955967,0.20808504145274712,0.11790687016883317
4bf58dd8d48988d1ce941735,-0.7873894442239044,-0.5955631404647662,-0.20908321729452936,-0.11872828870821242,-0.335749511159488,-1.7064614400429914,-0.026151182780495687,1.050789819463202,0.47561040023970635,0.6430139263998408
4bf58dd8d48988d13d941735,-1.5064711275886953,1.2078469463496937,0.12737614422262167,0.33202227494809855,0.8191576820359984,-0.22253656273261674,0.3240840486783634,0.2644977530421938,1.9094988403706692,-0.8870037257755664
4bf58dd8d48988d197941735,-1.2839940539134285,0.5175737414873917,0.03642088916684197,0.5008342092886777,-0.2958921926195665,0.5714392794628815,0.9638393095380826,0.7452774953763017,1.5939402556008693,-0.8450979276858781
4bf58dd8d48988d177941735,-1.4384995866664825,0.9492192615774465,-1.295684946881755,-0.3304514337880531,0.9085310829969074,-0.9902911223090878,0.8509308097640381,0.6737758977322323,-0.00814513215469054,0.9227380608914678
4bf58dd8d48988d120951735,-0.8413865022217278,-0.37593409667842215,-0.8236860166817629,0.2043266611463383,0.41826995306296455,-0.9468713580087246,0.1619505525568473,0.9874789337143768,0.7419623673396987,0.3972319257046156
4bf58dd8d48988d16a941735,-0.8238607280581932,-0.03031756653630484,-0.9815624100462575,-0.16227048717531534,0.7013659467794018,-1.281174172891421,0.3096886263260365,1.1183490087980967,0.22342011008532373,0.7829856294861497
4bf58dd8d48988d100951735,-0.6877675323606982,5.651498953644832E-4,-0.6668949570896033,-0.1972070159711882,0.8093677332122993,-1.1127790664271628,0.16405573130446946,0.6580328357127686,0.13715533900532811,0.6371888058344926
4bf58dd8d48988d1f5941735,-0.7247838726384884,0.1089186359629924,-0.8441135092101616,-0.065460205813908,0.991372958605085,-1.0244757498850092,-0.22739519718988438,0.7162331393980359,0.5113967932790316,0.60566100515205
4bf58dd8d48988d1d5941735,-0.3502857057433691,-0.09595406555862268,-0.10912586848737474,-0.1353073252242624,-0.17904045149937745,-0.6853747617531548,-0.08009974533616059,0.41853042601833446,0.18943711087526807,0.3251095369547314
4bf58dd8d48988d11d941735,-0.753963257732205,-0.6214770715665632,-0.14737084045009638,0.2366643200149002,-0.4160099151445154,-1.5027547676405248,0.26140115386823726,0.890998067113033,0.23305710944131647,0.6134349440372685
4bf58dd8d48988d1fa931735,-0.9348785034349554,-0.14597878545580537,-0.5515409482990385,-0.3777492163597708,-0.6374019566767427,-1.3644279153079,-0.8458190930310509,0.9417120694422701,0.9703338667450037,0.7750313524319257
4bf58dd8d48988d14a941735,-0.6673768916493403,-0.38732799773670046,-0.40651198188027865,0.07195782530286933,-0.02745589086816072,-1.0894446498288761,0.0537740851402719,0.7546709727235575,0.4164009774219224,0.5245909375212263
4bf58dd8d48988d1a8941735,-1.6264448288171076,1.1417384354099853,0.02229887341503286,0.19229061601321937,-0.24365927391220207,0.19877671866876237,0.9493940610666665,1.2902741812918237,1.9986401666532856,-0.8557544738328233
4bf58dd8d48988d12a941735,-0.42253357132542957,0.13353037614468663,-0.16826792674896085,-0.1411213531764736,0.3544773664367689,-0.7288142290557048,-0.27868971279077165,0.5823593244591386,0.497528600936794,0.2152229208273588
4bf58dd8d48988d113951735,-1.2525431567876009,0.3742062734015517,-1.051613646423157,-0.8155413171592709,1.5741235756600294,-1.0601235861092488,-0.0011288458608226545,0.36380959936452223,0.43797162913031246,0.8076628153824941
4bf58dd8d48988d191941735,-0.017085925308693337,-0.1461844534786575,-3.2847657218541696E-4,-0.6724889152388739,0.2570071472454055,-1.518514581622183,-0.6855085737249759,1.0752439246418335,0.4887030158175341,0.05547158018523822
4bf58dd8d48988d117941735,-0.7141100885988022,-0.8739706728707566,-0.013893586850074295,0.1704782044176422,-0.5657557903920626,-1.7760672555869916,-0.02042057784466577,1.1763937577929995,0.5705371524588908,0.5960398195223119
4bf58dd8d48988d105951735,-0.6275823935143071,0.0017660332689575415,-0.7981245497731724,-0.03120632732939934,1.0299314767288057,-0.8064061212372329,0.16445541563276037,0.5736672114707576,0.1479127571729866,0.5467663935504546
4bf58dd8d48988d137941735,0.1184679626548246,-1.3393240649407616,0.13040078386667936,0.3620444710937265,-0.6277516802819301,-2.1224160118555835,-0.6753331008639945,1.086809779723759,0.21451191623971266,0.2770050770251034
4c38df4de52ce0d596b336e1,-0.7955584640999496,0.18196497568704367,-0.8142900737533569,-0.22517761457204497,1.4086431640960722,-0.7194585699349588,-0.9061100675884068,0.4594604405234288,0.7854155479481616,0.5235657640570862
4bf58dd8d48988d157941735,-0.3883480034071276,-0.09646331047421969,-0.19167001454461013,0.09420711541402366,0.13054359052498588,-0.5253015159864941,-0.05712134953353972,0.3263439930764391,0.26473173915699194,0.2538208420443948
4bf58dd8d48988d131941735,-0.1816924014503444,0.0397464833473157,-0.06378918918334622,-0.03733883311017562,0.1557161930013954,-0.3124105128625406,-0.13441948967115963,0.18542314396252715,0.24071911026810208,0.055186151650093385
4eb1c0253b7b52c0e1adc2e9,-0.4128220449857217,0.0659576750229606,-0.3182126684414668,-0.15651348159292586,0.487405036385316,-0.7423473073228063,-0.03162243711614626,0.48047371433197716,0.30855900862257835,0.25024407943530186
4bf58dd8d48988d171941735,-0.34147098566744255,-0.7795108960234791,-0.29496404243809077,0.43076990300598894,0.2563004383795502,-1.6415030514898497,-0.5300727515318665,1.1246219585784152,0.8118206912942634,0.43886170295711374
4bf58dd8d48988d151941735,-0.2521623254922177,-0.02160861414909887,-0.1612812382037705,-0.13526185283081643,0.1714046953932833,-0.5329962902786959,0.05090340245033668,0.30179843888011815,0.10059693322225902,0.20699227208486315
4d4b7104d754a06370d81259,-0.010209906431184957,1.402036220268251E-5,-0.002776788913571513,0.004155194921131182,0.0038615286553350544,-0.00922379677276752,-0.00339290748192589,0.002599611530512075,0.009443858985087305,0.0036961286875941096
4bf58dd8d48988d111941735,-1.0855361206925462,-0.5636906013383104,-0.4133153042068575,0.11006058366149987,0.005386536752060144,-1.5090413273417382,0.047607746170695416,1.0092868534573782,0.7728077699969799,0.6569524001810692
4bf58dd8d48988d1f9931735,-1.4142835047792486,0.8551865900045031,-0.3705705208265438,-0.2914953456586314,1.6885104624053233,-1.0965262321005402,-1.5155771116560097,-0.12441184223806957,1.458549286781117,0.6218235532199199
4bf58dd8d48988d10c951735,-0.6085941368288142,-0.46111737901199773,-0.8258646085568512,0.11017190509147994,0.3373546797495358,-1.1150085864766341,0.053539133562560855,0.8318735104468084,0.2803036052465652,0.7732930854624936
4bf58dd8d48988d12c951735,-0.5030610711878497,0.540683960085616,-0.03551916177174273,-0.4734775364108793,0.6828132852973754,-1.128290352501447,-0.11985632335355936,0.6585676860908718,0.5755161251839283,0.12618499966241337
4bf58dd8d48988d169941735,-0.4293106934825054,-0.1801697857104834,-0.2527864633479706,-0.02846972454472796,0.11484533061421336,-0.8878784586709053,-0.1027451403987024,0.5945927174173343,0.29496625419666833,0.3750445323857932
4bf58dd8d48988d129941735,-0.8622771877676964,0.6904510757356669,-0.6477952833285172,-0.580249145943522,0.870290104079776,-1.2462174905750298,-0.08732834146043503,0.988592242604265,0.7722678933943395,0.297310688415475
4bf58dd8d48988d149941735,-0.7638195043810219,-0.7593536652563725,-0.25358302260500687,0.01394795874252776,-0.4369516279856031,-1.8488111181292404,0.5587230412252367,1.2768151766666591,0.2576222010494295,0.6214028246510194
4bf58dd8d48988d1e1931735,-1.534034258511185,-2.1716960390269744,-0.610702232691764,0.925441230480883,1.23944164855146,-0.7131966048834325,-0.24830232767494032,-0.23185332847720933,2.073730424100443,-0.17453018938917064
4bf58dd8d48988d109941735,-0.31462888946570866,-0.10890491399372879,-0.16859573394276034,0.0188423365555907,0.08809837011154961,-0.5512784118008294,-0.08587119758691561,0.40931861721290785,0.2781168219399153,0.21032501586158045
4d4b7105d754a06372d81259,-0.01950512994533249,0.00707084354592498,-0.005528480984616307,0.004201135941646018,0.0020169131830234856,-0.005959955434518581,0.00413445369292946,0.013819544844390822,0.01755903692389445,1.5689707389368368E-4
4bf58dd8d48988d192941735,-0.328579564231008,-0.013143220924515446,-0.14946750810611634,-0.04531440070359978,0.18785133077910973,-0.5281951152888555,-0.0653024508183356,0.3804063019055607,0.27166496682953517,0.18157896638198964
4eb1c1623b7b52c0e1adc2ec,-0.6443830224497512,8.433334177749855E-4,-0.7918730747951622,-0.4739282552659896,0.9336175028726298,-1.0948705368502794,0.061253036071414246,0.5865885778725262,0.15098393789235418,0.6592772892151892
4bf58dd8d48988d10f941735,-1.0096346629723394,-0.7853876797784314,-0.5079734133299494,0.19861548819694338,-0.03634301379135757,-1.4717643046249747,0.279185610580269,1.0336783199374202,0.5497434865262854,0.7454143433352389
4bf58dd8d48988d1fc941735,-1.3440080630334632,0.4689329899907501,-0.9002557299540171,-0.19421958424911354,1.3453086613275111,-0.8999644976374487,0.32923658584835663,0.6376500756880037,0.6930743940442005,0.5512902814517877
4bf58dd8d48988d1bc941735,-0.6424109672790468,-0.11760707219319297,-0.49935040542882986,-0.09541077703835785,0.577279159696612,-1.1069602249668093,-0.02995054440009639,0.6691185543094895,0.37636750166696376,0.4877036405843156
4f2a25ac4b909258e854f55f,-0.4746117914541011,0.04093987319716931,0.19679450431895212,-0.18916929207001046,1.0034352197063374,-1.6214679187055179,-0.894736381084903,0.593479238700661,0.9867904066149866,0.24575133218502856
4bf58dd8d48988d1ef941735,-0.5321524140716214,-0.1775837319960713,-0.3473219112922475,-0.1378984518275816,-0.05279397925284808,-0.6284683272253122,-0.37762024986114406,0.37111313055285894,0.5585163721851588,0.41034469172855714
50aa9e094b90af0d42d5de0d,-0.6896559296894051,-0.0515209733530634,-0.19099199455457844,0.6022305312049412,0.563483346244612,-0.6029000322577928,-0.7752396792834083,0.4776728206130274,0.86713108932803,0.4433602419576826
4bf58dd8d48988d1d6941735,-0.5071358302982236,0.03360736198624123,0.23909698631138243,-0.03446673950534937,0.589721687725295,-0.8744038296497438,-0.4638784923890595,0.09144965661015535,0.5289314964187933,0.1331745217879699
4bf58dd8d48988d112941735,-0.7854357606807121,-0.5218929349032196,-0.4925378561375322,0.330515488251843,0.25833795516088937,-1.0038980206959525,0.008137924268319802,0.7012145924900501,0.6142022116425118,0.5103369327353027
4bf58dd8d48988d10b951735,-0.7168380980529268,-1.3908182116272292,-0.8842127304845041,1.153750917648268,1.2608093810154912,-0.3613733725939037,-0.035310794202685354,0.30996559124337386,0.9585905230233411,0.4432786728269947
4bf58dd8d48988d1e7931735,-0.5374712596364268,-0.6938718852580624,0.05116106308395251,0.2988332209699084,-0.4898596025952692,-1.3564062470410756,0.25993746383927174,0.846621045123592,0.2021718547584907,0.38641012572369643
4bf58dd8d48988d18f941735,0.47870619183600105,-0.4457451490692662,0.32433257932316545,-0.6520806033026337,0.35510023788203693,-2.0761797544949037,-0.7290726236188516,1.7734375944775582,0.5806329718704321,-0.1972169867553407
4bf58dd8d48988d126951735,-1.0177031601613722,-0.39996003661318813,-1.1554354873487456,0.5209116794859593,1.3599163766519629,-0.8323654799507673,0.32885011645249496,0.7723688293173921,0.6699404678098425,0.6412344883053981
4d954b06a243a5684965b473,-1.3516147549658948,1.076782547390461,-0.5218495507286598,-0.5812283212315479,1.1591539249129317,-0.16753939217059452,-0.09245256930663558,-0.15047158621691636,0.9433890145692162,-0.005753156361986198
4bf58dd8d48988d1d0941735,-0.6155872872616858,-0.24897321725149874,-0.6165297340976242,-0.18112469656205524,0.5712767049922466,-1.3073888274672347,-0.10725843451656171,0.9553896008891493,0.4140430418602943,0.6081492917259899
4bf58dd8d48988d1e0931735,-1.0579394010975889,-0.3851675134626009,-0.6547657100902113,0.3204869068540912,-0.039000477400723516,-1.4230005522526963,0.11515622847657307,1.373068250067452,0.6671742787464305,0.9008375058848329
4bf58dd8d48988d165941735,0.1059578221753961,0.5398137749796681,-0.07797607334581307,-1.0905172552605675,0.36016750828648364,-1.4322542501466102,-1.4783896461810966,1.304006572802651,0.8614576856468157,0.19531565345876858
4bf58dd8d48988d1ff931735,-0.5224737843297009,-0.8376068131846689,-0.28251758352777884,0.24701659297248507,-0.23303544104500892,-1.1887305254383376,-1.3513490819379241,1.2383364422839556,1.2486025681653783,0.4198986914034097
4bf58dd8d48988d1a3941735,-0.38226002943193227,0.045025904169569655,0.028287729655905727,0.09619176776222765,-0.16372657415245542,0.1392725311958609,0.41154683391432656,0.27258874431414265,0.4970223530254187,-0.3195619719285223
4bf58dd8d48988d1e3941735,-0.09751434620985758,0.2421273647945388,-0.05667079781128613,-0.5035600758662793,0.23876376855207035,-0.5107536964718494,-0.2285635118349298,0.2153131360980015,0.01542527281065253,0.13631555555515648
4bf58dd8d48988d1e2941735,-0.2754371866198006,0.5298910849998417,-0.03921741705493452,-1.4091556461270645,0.34282164352339173,-1.488843828520799,-0.7198856380588325,0.7462248430579871,0.3696777648717454,0.20634267055459804
4bf58dd8d48988d1a9941735,-0.7814540234038623,0.15228811135364162,-0.04034716649476937,0.217564720310648,-0.11323959313547594,0.1481157307702046,0.7253388512347286,0.4516617630245599,0.8776144447884747,-0.5169947080394302
4bf58dd8d48988d1ed931735,-0.6096873440889301,-0.1641656958947458,-0.720119942821581,-0.41158213766780394,-1.043107908143759,-0.415295084633037,-0.9317986055966538,0.4547662554737969,0.9034859163697037,0.7746948889445364
4bf58dd8d48988d121951735,-0.7947256062009919,-0.3771377242817239,-0.8666593277621877,0.379253566322959,0.9267764434961786,-0.9983652482023428,0.13214975652974126,0.9146418599208836,0.6202990592589529,0.6037453585650463
4bf58dd8d48988d1af941735,-1.1904528080820191,0.34040344669010586,-0.1208198703041208,0.34231599925864137,-0.18855005544363446,0.24105045191852079,0.8404469693325407,0.8866038926215704,1.52358752215802,-0.6927053600412942
4bf58dd8d48988d1a2941735,-1.0426867549650216,0.23577224388802284,-0.2936011038156437,0.19551313739402165,0.059231204489161735,-0.3462241559851664,0.5236717772665231,0.7685804026997737,0.9549095428603765,-0.09979534305229568
4bf58dd8d48988d17c941735,-0.6096197337745118,-0.7817911408777474,-0.3095068395927016,0.23768102349609663,0.35867692256735284,-1.129748058456849,-0.05074000708221721,0.3796307119544099,0.6073402852026932,0.23348990734405964
4bf58dd8d48988d1fb941735,-0.5982181515743183,-1.486526396778043,-1.1676954804474116,1.4466605703622768,1.4863628857266495,-0.5714298900698475,-0.4170324281136296,0.5690969113081973,1.1225231372135236,0.6709456482182907
4bf58dd8d48988d176941735,-2.286676149978086,1.1772805748203419,-0.08344222335577699,0.5879768929076576,-0.6769110019624793,-2.2504956777642064,0.7946542525744589,0.7108107690572293,-1.0382379709611722,1.908679313819081
4bf58dd8d48988d1f4941735,-0.4040278920894541,-0.34768028909969695,-0.4068882500009915,0.14383065628619357,0.4821880254452965,-0.890249796922411,0.07174790816256586,0.6385388022319638,0.28347929952323675,0.40202388309733184
4bf58dd8d48988d16b941735,-0.45980927558633966,-0.38723292577107327,-0.15169215093597846,0.1835606691649117,0.029152058407621893,-0.73886544166067,0.00831622647813923,0.49914623075205916,0.35090659770141974,0.26564321782680933
4eb1d4d54b900d56c88a45fc,-0.49947699479720364,0.30632729015478366,-0.18658176425738926,-0.30781427747637075,0.4681725407472088,-0.6536360349982556,-0.30819382316808625,0.4043700247744926,0.5392519094082703,0.13665835286455572
4bf58dd8d48988d12b941735,-0.21138108185447588,0.5669194631394541,0.09809906282476916,-0.3929930212992807,0.42657461295325244,-0.5862363259278826,-0.31788149584665476,0.19458106357312843,0.3584155151671061,-0.01707713336569167
5745c2e4498e11e7bccabdbd,-1.5711498597606504,0.6301489876337653,-1.4043260637141566,0.03793295560472276,1.651061204509741,-0.7460148325714554,0.5232418701957289,0.672603228905904,0.5684333114361221,0.7570632343893358
4bf58dd8d48988d124941735,-1.098847076829419,0.6182023297383507,-0.13417568599405288,0.023110094780244613,0.12366599620573514,-1.47747370275796,-0.45714921411095655,1.1111948417406967,0.8796082088911579,0.8097566988771616
4d4b7105d754a06377d81259,-0.013480475917386419,0.0033576112344415824,-0.002251629855080663,0.0010501298684483565,0.0074941716289612685,-0.019049163617104296,-0.008384676942689946,0.009920990172898384,0.011273943284707934,0.006249255608941041
4bf58dd8d48988d1db931735,-0.5101303800648924,-0.3179706315138499,-0.2537948759997079,0.010681812373372571,-0.07749560687585841,-0.9802732641408326,0.04598969919239718,0.6281475590647695,0.2950530231828131,0.42737132358455476
4bf58dd8d48988d11d951735,-0.8525143710861648,-0.02518288760671294,-0.6735772840826627,-0.14559113540835256,0.8987057718861676,-1.1223988285990842,0.08767609232058578,0.7725421194464998,0.531481345937653,0.5123651613239701
4bf58dd8d48988d1e5931735,-0.411245687977809,-1.0002086891840383,0.04261773788101348,0.4802610874205483,-0.2922991743849412,-1.2927788551794592,-0.017264057366863695,0.7093036640479814,0.5865360540098097,0.16419726980451776
4bf58dd8d48988d104951735,-0.1564492261247399,-0.9791788192619049,-1.1294667739510553,0.2331320302699019,0.7377987985117336,-1.412797737950018,0.482501269814512,1.0964880483199155,-0.33690280307224274,0.9713997259346967
4bf58dd8d48988d12d951735,-0.2674648025626695,0.25305058454913637,-0.3563021425773614,-1.0244027270082618,-0.14790842632914222,-1.0282273105266206,-1.2945140774969655,0.5518346393188527,0.5624524730307086,0.46830967931866696
4bf58dd8d48988d1fe931735,-1.40163587330306,0.9526892465463329,-1.398572868459529,0.28013582831524647,0.32624322670343997,-0.4168149154633968,-0.8138434316427238,0.20633738421354203,1.622155568748553,0.671042078486954
4bf58dd8d48988d1ee931735,-0.4774792952929443,-0.12383020957749495,-0.22150712361291297,-0.10134161582768608,-0.04745818666080159,-0.8197478932673004,-0.4209189612511412,0.4996760485746366,0.5434916877609268,0.3531988444790035
4bf58dd8d48988d114951735,-0.7953771720445202,-0.9021034757987875,-1.2045467631979103,0.951777912863857,1.406404115086395,-0.7307511041025618,0.0184393963757569,0.9355772594587288,0.8617886243646192,0.7545779639859188
4bf58dd8d48988d1f1941735,-0.2648483514339518,-0.07996754800746482,-0.17321809738418678,-0.03970287239969189,0.16166313115009523,-0.44975925752484996,0.08644798764767116,0.28330459096735683,0.10584799689316185,0.2009923074990822
4bf58dd8d48988d1f8931735,-0.7632723960818601,-0.0704337075373048,-0.34543136576710676,0.1055119932601636,-0.2355755558636684,-0.8894883429235647,-0.7922287997013755,0.6294869873940991,0.9615950749393297,0.5091749213138663
4bf58dd8d48988d1c1941735,-0.6006626557310124,-0.6178425770282396,-0.24767320841943852,0.10447256685073482,-0.25815570360115464,-1.3165902142331785,0.10486882827622847,0.88548128976173,0.36978575199330715,0.40266940324171197
4bf58dd8d48988d10a951735,-1.2932747893423915,0.6210786843910389,-1.1745834512307711,0.1746584897751648,1.4382708791872743,-0.6015368845073473,0.28643238345343464,0.6732051630028701,0.621184801385767,0.734292850167007
4bf58dd8d48988d128941735,-0.5611983469636331,0.14260863959544148,-0.04141354888579798,0.08395599095664637,0.2331928596850846,-0.6897923662211352,-0.1484630421315537,0.36924260786290186,0.47620055109188614,0.2530443626314021
4bf58dd8d48988d148941735,-0.9523530045377162,-0.6192915988536779,-0.9829769664567327,0.42017691247475264,0.9264519501772007,-1.134730053186248,0.2639222276736427,0.790319730213545,0.6616864981818156,0.6187923361403243
4bf58dd8d48988d1aa941735,-1.9864871382937128,0.7072563008182537,0.12854626990946752,0.8438655714048614,-0.541190463806175,0.9538281852086486,1.5204507449939408,1.3259069844475528,2.6346231328329845,-1.510855141034825
4d954af4a243a5684765b473,-0.5844730466657648,0.1070259974837181,-0.6060284209684115,-0.2878548352826422,0.5414586714089694,-0.8569834467442281,0.39850223515566446,0.47944300311327775,-0.04840723419110462,0.4867237246680762
4bf58dd8d48988d1e2931735,0.24233993249772023,-1.1785220185268626,0.07933427855183049,0.35244263520267727,0.2816483540777799,-1.974290560943887,-0.21343702288389363,1.6335669285575298,0.4316559422479566,0.18556322300724679
4f04af1f2fb6e1c99f3db0bb,-0.27651340127780444,-0.10858219377398723,-0.11320582881392328,-0.07861126178308127,-0.042935715465277274,-0.5254676107804048,0.04285409903231184,0.33767595962301733,0.15186210704417788,0.2055778053631455
4bf58dd8d48988d130941735,-0.9255068824148688,0.4929260964273601,-0.4411332218713397,0.1317836042976395,0.38150249044486234,-1.3060484108999675,-0.5974186353988146,1.2932133941698714,0.8460468428688802,0.8832669389182723
4bf58dd8d48988d110941735,-0.9899686402703897,-0.7229766970245943,-0.4295687756097584,0.13600441872518304,-0.06877117637992472,-1.5846995007898275,0.23979783780862898,0.9414066372197752,0.6354040980929159,0.5417407936226308
4bf58dd8d48988d105941735,-0.8071667863468697,0.4723329663632367,-0.2683758014148788,-0.5243841614039254,0.2713866302437101,-1.4008458169947118,0.6633776410866803,0.7436953766557853,-0.3412831334641229,0.5112690255610124
4d954b16a243a5684b65b473,-1.116271470057093,-0.49163007709734796,-1.027970051257636,-1.342644858505746,0.8891870801619062,-1.1899992896636005,-0.9900553772219444,-0.024574476403291422,0.8740507490969952,0.9566759653835547
4bf58dd8d48988d190941735,-0.14211346959562307,0.5744185048233279,0.015290525991721583,-1.0360907777318928,1.1157033007638872,-1.7578480710142739,-1.0727592708528526,1.157682422371519,0.8382903395627177,-0.03463044543076258
4bf58dd8d48988d1fd941735,-0.8447685380041805,-0.32937443503962377,-0.9743017947102945,0.3462675444315012,0.981698538461956,-1.0907042622039804,-0.3325925641905573,0.8155947116139233,0.8207298218810584,0.6153907341068554
4bf58dd8d48988d160941735,-0.8643241668591328,-0.6116333846131013,-0.568236276899984,-0.36895675175954057,0.3725490931078482,-1.4021454097277901,0.10202536341714867,0.6207839806201587,0.6648217335381226,0.42247239527717523
4bf58dd8d48988d125941735,-0.6381391503661148,-0.9465787695819682,-0.34736981193353755,0.8102218391144298,0.31885433506604255,-0.8959110624990307,0.280242167733677,1.0642610474456036,0.7435047696071451,0.7103149066825282
4eb1bc533b7b2c5b1d4306cb,-0.9663446215594833,-0.24074403886759088,-1.1576313611212077,-0.8975262985790418,-2.5859190296036236,-0.5927529347694249,-2.112246344758312,0.5982920076198406,1.5647128159863368,1.4565178280047715
4bf58dd8d48988d163941735,-0.889139738393888,0.7154287979512861,-0.17407348186953428,-0.6230577966528222,1.0158753772709552,-1.6935477287331027,-0.6753464390678077,0.8851618106993359,0.7162896441853979,0.38875548560880413
4f04ae1f2fb6e1c99f3db0ba,-0.3271201914407262,-9.624272601336356E-4,-0.3099619274673057,-0.15571165059631523,0.3779896378697288,-0.24416487411019594,-0.05035916681664367,0.10033093390912957,0.1423924509922637,0.25406332134997994
503289d391d4c4b30a586d6a,-0.4322664992710005,-0.045897747688590854,0.04797594120964409,-0.20970216425140967,-0.7137336362802168,-1.2246132054260195,0.788167347976025,0.5666324983935481,-0.7727480374501419,0.7024581808872029
4bf58dd8d48988d178941735,-1.1668494686280788,0.5003443316967668,-0.919004737628896,-0.23588295829981357,0.7377231458108401,-1.1830958443481463,0.5890231575613427,0.7598417374265042,-0.023159955768421763,0.8343975376587311
4bf58dd8d48988d111951735,-0.4529345129034808,-0.30758352471733946,-0.5007409783261836,0.04559093128624123,0.4179491342368699,-0.9098710043697561,-0.002672505910127808,0.6538716785631925,0.29270360586853705,0.47943521917618453
4eb1bdf03b7b55596b4a7491,-0.4699983611469038,-0.6943749329077153,-0.7186205528928891,0.767283127940105,0.8995978261510756,-0.8230113319219491,-0.19669297808305136,0.8241087730926976,0.5299864984754592,0.6714475801610599
4bf58dd8d48988d102941735,-0.6345915217055039,-0.2415446804166829,0.11495443288578137,0.3428823281341737,-0.8623451717349331,-1.3903712050306494,0.9589688239173483,0.7427631751646092,-0.7496184504933948,0.7661289395480282
4deefb944765f83613cdba6e,-0.0700263139458977,0.5037668081200137,0.6357806141042706,-0.9321128600723484,1.3027824834727033,-1.951408209999998,-1.542027233542356,0.8675856078187263,1.2057045011992888,-0.4073138546164913
50aaa4314b90af0d42d5de10,-0.188369698913438,0.4542941096759071,-0.07050374091380082,-1.0178966302594918,0.6981228446372862,-0.9996191934752625,-0.9997338430714477,0.6256554726167545,0.4915248680172073,0.12028317873102874
4bf58dd8d48988d16c941735,-1.162469789900392,-0.3167156835553178,-0.9120011967857685,0.2929773756964332,0.5194184204761201,-0.8343123193535222,0.21567431995944913,0.8305062187172151,0.9460546756760917,0.4242570618910981
4bf58dd8d48988d14c941735,-0.8665791648164989,-0.7154174783453858,-0.34310964104562874,0.30451515825474684,-0.058287530926278884,-1.4556510376771017,-0.0935918988515136,0.9166041043854857,0.6545893916485801,0.6559365257149162
4bf58dd8d48988d1a1941735,-2.065851999773507,0.6111374453248984,-0.14558961843557502,0.788197349968962,-0.16707725867608994,1.0140249199201181,1.7591588513824008,1.4622134508301656,2.730497506887532,-1.5632061315658108
4bf58dd8d48988d186941735,-1.0672169331958465,0.3062638908631262,-0.5674278110756555,-0.314731976975964,0.7344269244258897,-1.2670251694967534,0.45598404963795136,0.8773326932995483,0.2455104765473919,0.6402900509466573
4eb1bdde3b7b55596b4a7490,-0.4855423992753614,-0.11818026816768033,-0.18649892121912823,0.11169314299520589,0.295026977299281,-0.5186345267879016,-0.0542154699577632,0.32220310911574174,0.4556339423244345,0.19909387100251016
4d4ae6fc7a7b7dea34424761,-1.0567264910987255,-0.5436427817621291,-0.6439471636422194,0.2324554837336431,1.0025419523400012,-1.2098707536439426,0.2677842251005115,0.5162289415976345,0.7018157966025493,0.41138258923124105
4bf58dd8d48988d17b941735,-0.32634129354610014,-0.4592984507469408,-0.22187665697571676,-0.4776937144757766,0.5948209515638292,-1.234470910406149,-0.34049645035855547,0.3783581819670329,0.4754281900392946,0.13168380912870306
4bf58dd8d48988d11b941735,-1.0114062134575705,-0.9971451455289257,0.3574934326952291,0.6179188850860204,-0.598585971059727,-1.7531395233856286,0.16246935215714406,1.086238281812309,0.6966639345701904,0.7022502547936393
4bf58dd8d48988d1e7941735,-0.9977661482490386,1.1648074273725355,-0.01836532410337726,-0.72040035083065,1.5082294762229296,-1.7197526840605204,-0.6252931566686535,0.6644032856530333,0.4512738712900859,0.5106347357049966
4bf58dd8d48988d11e941735,-0.767310691499552,-1.4408171792890465,0.6051714668757346,0.49409378564129397,-1.5558179650470905,-1.859129614077078,0.6041516411223056,1.1011756161178812,0.6167564943972506,0.15840387413397986
4bf58dd8d48988d1e4941735,-0.3755339010480616,-0.02227218906847058,-0.10948324478704617,-0.010672006173187925,0.17398229095736648,-0.5176335688044542,-0.08157640501478317,0.31487693337019435,0.3336711358355945,0.13106245653082355
4bf58dd8d48988d1c4941735,-1.0334715873136375,-0.654066271798218,-0.5254264292261056,0.04889822742450216,0.10001842649542869,-1.4455540330662073,0.2129511715730254,0.9197609626791026,0.7452443830048928,0.5383678097359175
4bf58dd8d48988d19e941735,-2.061656122085556,0.6445074357156498,-0.12237748566053308,0.8506792203368239,-0.9882190824947278,1.4664436548944304,1.340420404120917,1.232417465460253,2.8798382046238222,-1.3843885799859537
4bf58dd8d48988d179941735,-0.49841627669513267,-0.34809176741023184,-0.36431363551565266,0.07013798037894416,0.3336971382973138,-0.5863696746576309,0.17676765596957175,0.3497403590880083,0.29961959022688284,0.2642518607403772
4bf58dd8d48988d126941735,-0.4755296170051875,0.13785287783624345,-0.24406490202696354,-0.07558731080970649,0.28987828898706375,-0.6523558238825123,-0.13955259125812988,0.5198320577278791,0.4550742031553898,0.21949348012648429
4f04b08c2fb6e1c99f3db0bd,-0.6440212240138634,-0.1054155462455722,-0.3623582651122112,0.2499736727130916,0.3412052819143632,-0.6574322036988328,-0.21917149009503858,0.5220567824327835,0.5961523240560168,0.3550218120671029
4bf58dd8d48988d19b941735,-1.3977683367737797,0.6562011332800735,0.0921443949541416,0.38940387276713445,-0.34795193741183905,0.7816460260724213,1.468848214349545,0.8097410445470115,1.6687710475523532,-1.1443355540743254
4d954afda243a5684865b473,-0.9015538224376011,-0.516381165508203,-0.8420142951263806,0.34214346258155753,0.804741914708981,-1.1131028691064462,0.23526102314505662,0.8517262298099176,0.502572690421885,0.6343300507688284
4bf58dd8d48988d12b951735,-1.599487617208441,1.661009096748023,-2.255445829739527,-0.06851484022016151,0.0423144391319913,0.06573582765827024,-0.9826931998594363,-0.05956803348211698,1.5974900601990805,1.0734689132004258
4bf58dd8d48988d162941735,-0.8217159739679224,0.5630910915790064,0.6054199143491661,-0.47808516010064667,1.3670069113482528,-2.177990253248179,-0.6931474678637491,0.20598520695789402,1.236023357479585,-0.26885424417869636
4bf58dd8d48988d1e3931735,-0.5773638515805328,-0.7797958544803469,-0.2287564592687212,0.16941069509161022,-0.050485061188579324,-1.0140701056559167,0.35533089436242354,0.6006585816855341,0.34865254856675765,0.25629270502682255
4bf58dd8d48988d1e6941735,-1.0325426961057578,0.37903544919903887,-0.17114806161543802,-0.7568802622330715,-0.8100537413860708,-1.8862139033911125,0.6064134565873702,0.9436455655777509,-0.5869122596228522,1.05640094949504
4f4533804b9074f6e4fb0105,-0.9764721693132826,0.6826715474655312,-0.46689205690628843,-0.4545898932326711,0.668917886968857,-0.9452736563630746,0.5061518911645679,0.5764066690842311,0.34651133808721907,0.28763192259718773
4bf58dd8d48988d129951735,-1.4700432002236181,-0.20082694425741945,-0.4635073366407665,1.2770576954785393,0.44161469140053866,-0.6348783977778286,-1.0301455098912624,0.6848006540607323,1.6296031454472941,0.7213872129848039
4bf58dd8d48988d11c941735,-1.2283999895268751,-0.8992225875133816,0.012642468602935544,0.2820218503016115,-0.5640726613481423,-1.793393220029464,0.2725243055526586,1.0774344512607539,0.733862503241022,0.7357929028531717
4bf58dd8d48988d1ff941735,-0.9425359838869478,-0.34480322995749985,-1.1620975396389857,0.2986403050441576,1.2821631708847014,-0.867955052184407,0.18800463624289399,0.6703325107726879,0.6348946054643161,0.6140736810738472
4bf58dd8d48988d132941735,-0.5657108364348886,0.8515608536139606,-0.08117272306079369,-0.43226888148903325,0.740237001512385,-0.8976118526999874,0.1349480056396404,0.8614876012238616,0.5011741132928342,0.005769718764274861
4bf58dd8d48988d103941735,-1.6037292072081522,0.1850446390577499,0.17663651224494276,0.47686155926433044,1.255086625605635,-1.3361271715599223,-0.04219852867900404,-1.1384484247486595,2.064148113169588,-0.7780118592826357
4bf58dd8d48988d1a0941735,-1.9547409718599864,0.888481926536146,0.1238432005580541,0.7685414560509704,-0.2520311151472578,0.7409995385642336,1.3265760050319277,1.1589910913423522,2.5129399622766,-1.3737747432686314
4bf58dd8d48988d1fc931735,-0.45994524633538647,-0.4429687802238164,-0.4653215666988766,-0.68878376972778,-0.15296483376917364,-0.2597776744949998,-2.902240117475363,1.4832489767849826,1.9041237159700672,0.3286441693734599
4eb1d4dd4b900d56c88a45fd,-0.9988949602303693,1.2289911590663323,0.5823344960613418,-0.602091698611682,1.3417602796139505,-1.4121253740856332,-1.0978414818923425,-0.03210148924832528,1.293902372443425,-0.022998893690742487
4bf58dd8d48988d106951735,-0.6638966357461212,-0.7297064959794194,-1.0613097789436785,0.24903173909205817,0.8469609176743917,-1.207937326261974,0.5402599220304344,0.8189986485447847,0.08659252049196461,0.7897180864808933
4bf58dd8d48988d1f0941735,-1.0588392297279279,-0.9871705289327535,-0.5510254497027268,0.64702971989774,0.17176799815283314,-0.9799649316999015,0.2792898866485372,0.6100060520126334,0.9535449051041505,0.3531275133803978
4bf58dd8d48988d16f941735,-0.15389230954742217,-0.12212064705245518,-0.10191610238967024,-0.0958161843666892,0.09151374950848729,-0.5062993556263087,-0.006100900917720645,0.2281527989620063,0.08158664739745695,0.11118056616089557
4bf58dd8d48988d155941735,-0.7550623292119256,-0.5859565057192007,-0.18911387882717162,0.35179806823914567,-0.2296090684357403,-1.3037023778625938,0.07260485639969526,0.9150380998805551,0.4825655496081968,0.5352526116377365
503287a291d4c4b30a586d65,-0.32677737170268323,0.18276517939392098,-0.1097319089532418,0.022033246567627084,0.2516168546006413,-0.3231050211792778,-0.08299055557013058,0.2197977493999655,0.20571842020110395,0.15290324592557372
4bf58dd8d48988d1ad941735,-1.32491182133988,-0.03815905942269026,-0.4037762366611099,0.7925186305646945,-0.10561546897423214,0.3717105188019784,0.2977882924056042,0.4260523999282757,1.711276347400472,-0.29840270874637964
4f04afc02fb6e1c99f3db0bc,-0.8396027634094733,-0.7521828904912656,-1.3437724405269367,0.9521597348575167,1.408234259929221,-0.5405483062845994,0.15039915316037536,0.6174808995747257,0.6505920143965185,0.9764014288341468
50327c8591d4c4b30a586d5d,-0.8079328755498701,-0.32156691984200025,-0.12174175567147888,-0.2217139953748115,-0.2761549836093384,-1.596956371486163,0.14298858870363165,1.095456753684399,0.4815155267948553,0.5486259045655719
4d4b7105d754a06374d81259,-0.019701406577235576,-0.0038822258520731794,-0.009890062678191832,0.0034371546265322267,0.006429124163103598,-0.023559810596519362,-0.00321012673995841,0.01841459200874105,0.01566414438701587,0.011702460841856376
4bf58dd8d48988d127941735,-0.8671463534207665,0.10140663921698927,-0.2782291577713744,0.15318495777715568,0.14396613674745182,-1.0034484779232358,-0.248522586154881,0.6880184741376607,0.6115519770289307,0.5779047285445764
4bf58dd8d48988d12a951735,-1.3247015744195376,1.1883455044063205,0.4566277103360759,1.1495390046583045,1.0461127147170872,-0.1387557734465382,-2.4037622479869323,0.011239387127573431,1.468989094982172,0.8289932574754103
4bf58dd8d48988d14b941735,-0.48660409380792646,-0.3912327507435782,-0.2096055595260696,0.1247099240518055,-0.03507066823351487,-0.792136544625796,0.10499506178227408,0.4481315735264574,0.2801729701849064,0.2956404197862011
4f4530164b9074f6e4fb00ff,-0.36508561754970437,-0.04414840037785425,-0.2651417465398176,0.03283880867096611,0.3347260751704697,-0.6610316478613673,-0.32580920561466176,0.4351302600462165,0.33109789401306033,0.3498176977354134
4bf58dd8d48988d1fb931735,-0.2591757156332899,-0.20186278057880824,-0.16766494351994696,0.011928581819578121,-0.1212749837329797,-0.43721400141041794,-0.16707028346706948,0.24592835685820488,0.23079549131984936,0.22597946910129016
4bf58dd8d48988d161941735,-0.39807983553928,0.6604354377431951,0.02875840375009573,-1.3129805765248082,1.1102128913112168,-1.57234066951012,-0.6935327143375893,0.6050775107456708,0.6489509846797404,0.10857521708411998
4bf58dd8d48988d1fe941735,-0.3637938581986961,-1.458682420605573,-0.5249709494639918,1.216047797992596,0.7476601109086654,-0.8997237115180614,0.6513490579282507,0.9447121061069674,0.3549194114825476,0.34934497056967406
4bf58dd8d48988d184941735,-0.34187635260913884,-0.21670214302601598,-0.09908020038844621,0.1586262732008179,0.024398498069728675,-0.7474643560339514,-0.23857818989919816,0.433228017431547,0.4121010658306242,0.1893741272145352
4bf58dd8d48988d104941735,-0.4325768470845625,-0.0019732109859381193,-0.3212014677982506,0.003220556939621366,0.24971705783334805,-0.4453870859942099,0.01773488616992045,0.3037224826304234,0.25820940013172183,0.27022604584635374
4bf58dd8d48988d112951735,-0.9161593330993155,-0.23720464145597392,-1.3446695855825237,-0.002405687766076988,1.72102014647761,-0.7846500514118611,0.25523169700568543,0.6177504617956018,0.46664389586518845,0.7506356687011122
4bf58dd8d48988d16e941735,-1.1516387044580143,-0.6309935107498453,-0.7664448696389088,0.409503148873159,0.6485023461528971,-1.050854029013641,0.11766407024392356,0.8484835632126082,1.0171371823577215,0.4481174260074495
4bf58dd8d48988d107951735,-0.5143907878062779,-0.714736140342327,-1.0158500188263313,0.3681034100402239,1.017603104015276,-1.0969761890498018,0.39785953978693883,0.775280191242714,0.0028931780294125533,0.8177222146058228
5032856091d4c4b30a586d63,-0.494001457108564,-0.26660791169564657,-0.20879577805293406,0.21388357835281943,0.020400891771903726,-0.5963034819987828,-0.08946548892511155,0.4450375233073229,0.49389648965846933,0.22422900854262756
4bf58dd8d48988d1f8941735,-0.9201441158796829,-0.24715979545700612,-1.3168926677292567,-0.0625520151566866,1.363379240185361,-0.961804976784727,0.4229601434462728,0.8157585107660538,0.24243655615683504,0.8396679104845328
4bf58dd8d48988d134941735,-0.08695199255543655,-0.3102295817360727,-0.019462407654985508,0.158036054433873,-0.09040982434790204,-0.34166581547929176,0.02728641444998909,0.2119237732951584,0.13643193744022675,0.048796254881842
4bf58dd8d48988d16d941735,-0.8006054720709826,-0.7709761156822531,-0.532525762468657,0.284855646660686,0.010142514998146484,-1.5745637646642554,0.12335559260440819,1.2927631447802088,0.7486601175981172,0.5941539061529799
4bf58dd8d48988d18d941735,-0.7486622639819063,-1.747737168590006,-0.4948402716292504,0.9714513018005759,0.4919918636647392,-0.24515466227553578,0.2705073296194987,-0.1500135485675379,0.8798321900516363,0.10329801546557751
4bf58dd8d48988d187941735,-0.7835985899958539,0.33158662857595367,-0.20128566360255454,-0.24856812996786184,-0.07259148579761691,-1.5616278162602368,-0.5900260575639809,0.6518508118223654,0.4585584616273119,0.6499318750538856
4bf58dd8d48988d1a5941735,-1.8717781129117204,0.9835976664287784,0.2021265234878256,0.50854342660632,-0.3738054481246201,0.6124313735602178,1.5267365298022577,1.171456803270201,2.199994896201454,-1.2827304992803206
4eb1daf44b900d56c88a4600,-0.2838346283067957,-0.28120073158044306,-0.08175546093745997,-0.0867054212667412,0.16060218151678915,-0.9870361293487065,-0.5403685365088813,0.5412310888292783,0.5584802417476596,0.16442659111723654
4bf58dd8d48988d1c5941735,-1.0082268096861189,-0.6543156206293973,-0.6476117665415402,0.46580719655172526,-0.1359156985397765,-0.9573047879381642,0.8484616326961569,1.2567009503639837,0.6005107086908443,0.44306465332763506
4bf58dd8d48988d130951735,-0.5954379585534898,0.3977166482790725,-0.26298211628554513,-0.061893399074511996,0.4108711376624972,-0.3647255136163891,-0.35723384863835794,0.20776752307543292,0.5193694168180601,0.2614337877870859
4bf58dd8d48988d167941735,-0.07759552231525767,0.19163315048717833,0.05305232369673836,-0.4098487896713734,-0.21684656781707873,-0.5149384922039814,0.08784762755024897,0.1609925479567179,-0.3213996328022033,0.22410084039866893
4bf58dd8d48988d110951735,-1.0260701235494798,-0.3815569783376042,-0.8096937148241407,-0.03254647552987866,0.285893020951424,-1.4374530873125864,0.6521495498270417,0.8455733760152879,0.11092386203946417,0.8663249332970586
4f4534884b9074f6e4fb0174,-0.4609808820867071,-0.03704578076199123,-0.09995873258990956,0.06472057092797923,0.1520047818858567,-0.5507583533573674,-0.22729621392731453,0.21238042647083685,0.5684605953869489,0.08439827787882995
4f04b25d2fb6e1c99f3db0c0,-0.6843072344112048,-0.3597296751156972,-0.38737463362279884,0.4708945589418334,0.21094378875688657,-0.598483926561581,-0.5540681327434525,0.4631519584580262,0.7934591030803858,0.5088882900805479
4bf58dd8d48988d1e5941735,-0.4910734865674164,0.14483436489190316,-0.29338363630971626,-0.12050634129137489,0.48957674812084306,-0.6397264031017268,0.01164374922898881,0.3098655617259751,0.2641032128270706,0.20857425457155815
50328a8e91d4c4b30a586d6c,-0.4294005917354407,0.3050470117662735,-0.1870892783926275,-0.12849319471089143,0.3855344822077531,-0.5567468026041383,-0.18621423938206783,0.4171876401985306,0.3631458583316253,0.26604134814020447
4bf58dd8d48988d12d941735,0.4018861153485322,0.5931305747017462,0.1354140049664711,-0.3227902809742795,1.0705031665887879,-1.798086489417742,-1.7192189256245591,2.0152973568707195,1.003828087844561,0.05725074891395204
4bf58dd8d48988d10d941735,-0.794095343590987,-0.4902694980819969,-0.3030120030616902,0.13045405792039672,0.0046640464914552895,-1.4684621603536598,0.012231425212017456,0.9789728057300724,0.5199604852018078,0.601739275773621
4bf58dd8d48988d13a941735,0.09879547237933049,0.647645046831443,0.46490251847847286,-0.8904096404962673,1.0991711980394498,-1.9672970774496223,-1.432413283792384,1.6901167813721651,1.3954992231058683,-0.5173433658633219
4bf58dd8d48988d108951735,-0.3879407766255719,-0.8269181824371833,-0.838078310061901,0.36253418175342317,0.6021663009416245,-1.0738887406959015,0.3848719457345439,0.8150674606511943,0.031678824586244554,0.6311808666321064
4bf58dd8d48988d1d8941735,-0.794975434676439,-0.42042382770217973,0.7317926293940868,0.7318654544905698,-0.28719239426147364,-0.9138170755955927,-0.03231820925264637,0.3139563836041781,0.8047041961019418,-0.07644875388472186
4bf58dd8d48988d11a941735,-0.9432757775422105,-0.9942627547708411,0.2779822438006047,-0.029904043715955942,-0.5564106968514164,-1.7614943154807596,0.38159869852904704,0.6979446684741658,0.8224871911027002,0.14567104407233902
4bf58dd8d48988d15a941735,-0.2878928143269664,0.47752858302450385,0.022018543570164254,-0.7717117351138656,1.089178674550789,-1.7425541148614188,-0.917752065241495,0.9086562317363505,0.6764475734788269,0.16880953343173744
4bf58dd8d48988d19a941735,-1.119320386798344,0.48685875626212133,-0.06009165714550341,0.20244998508565432,-0.2339242076346421,0.3236143827391773,0.9852050188435377,0.6486164963201726,1.202512619578035,-0.6449411714466384
4bf58dd8d48988d1f2941735,-0.6329394696611393,-0.26728252454861096,-1.1506931626683392,0.251473583813073,0.9146108266072027,-1.3448641942528687,0.2666640240891812,0.8543732289575645,-0.3449710565791222,1.2320970118057888
4bf58dd8d48988d1d2941735,-1.0305603939076322,-0.5838105207388583,-0.6569680629214346,-0.17337564664546662,0.18240202326278943,-1.4460428515086534,0.30799251815104733,0.9190719893376126,0.5476658734157999,0.7028435136108372
4bf58dd8d48988d1e4931735,-1.3845800967931337,-2.0489038039951035,-0.5897366311386302,0.5235008080582793,0.7971379050720572,-0.8324271709157354,0.08723696621658007,-0.29710928870415326,1.8993709686288969,-0.2296771002936085
5109983191d435c0d71c2bb1,-0.5566340656097049,-2.48061982267462,-1.7137527170727025,0.8412885572811578,-1.6039712458495852,-1.7537483300601693,-2.8090255820858574,-0.7095413693247465,-0.2819584879111704,-0.7857947362783334
4bf58dd8d48988d128951735,-0.1694357459737509,-0.9461397864550392,-0.9728007051279738,0.6232793428149392,0.6579760423951533,-0.9811599843224558,-0.9193055849812061,0.5500456914008186,0.1720195887127547,0.7183131910275521
4bf58dd8d48988d1b2941735,-1.5383490514475213,0.9149339326051498,0.03289771981676234,-0.11296133687733005,-0.3723551627331559,-0.10874956033308823,1.520795631517016,1.2432425985758742,1.237107679948567,-0.6870537563725763
4bf58dd8d48988d1fd931735,-1.423894928825597,0.16374470984453537,-0.5663574752608995,1.1974875026379956,0.36138744154551966,-0.8744084854055729,-0.9196551282236656,0.8341927756766409,1.5432219544495893,0.6805420732948296
4bf58dd8d48988d1ab941735,-1.4778716101170928,0.3880121918187012,0.20912308665005266,0.5607820549416975,-0.5658503021439513,0.6082664081160628,1.5594576559925093,1.2077636629955655,1.8502780674771817,-1.2189339712755523
4bf58dd8d48988d1cb941735,-0.822595023659596,-0.39254565854919676,-0.371978155759932,0.16384514232232977,0.3169766390484139,-1.1031692925952352,-0.038354050935203235,0.6738294619421487,0.7336217999703173,0.32049667746467275
4bf58dd8d48988d1dd931735,-0.6131814449625267,-0.5989289737110375,-0.4557695529864111,0.09940145077481755,-0.012244085447219577,-1.268811908724841,0.15655806235072517,0.9367369793003045,0.40437740735193184,0.5627473853797502
4f4528bc4b90abdf24c9de85,-0.12219662523462928,0.025087680038658484,-0.04186664055378709,0.012483952172740542,0.05089729580801505,-0.13968812407118789,-0.009245865679554835,0.0941882027237048,0.07006344626186184,0.06167564426102178
4d4b7105d754a06375d81259,-0.008680845724134342,0.0024613469069863572,-0.003553825842589267,-7.610583266336613E-4,0.0040173771232988355,-0.010787894898171503,-0.004374215737731878,0.007688596101100895,0.008451414254212433,0.0049561434630774545
4bf58dd8d48988d12f951735,-0.5440419386331141,-0.09549267929612773,-0.3850189571512314,-0.4318915873821554,0.4067651517123307,-1.2453519294020805,-0.7772497627117602,0.324779292949843,0.5013529204081671,0.23007202752018938
4bf58dd8d48988d174941735,-1.057083741576648,0.5090928886295039,0.1854954954653971,0.007788942591818434,-1.6096575680945446,-2.0853700916012006,0.17714073483543868,1.0131566632918592,0.49324582262755673,0.6513220635517456
4bf58dd8d48988d1f6931735,-0.6524361721523881,0.5760244393525323,-0.2338506375677444,0.021358397984096843,1.080668006282013,-0.7302784706047252,-1.2652924178494933,0.27748290208730214,0.8297218273397714,0.5521932857716352
4bf58dd8d48988d102951735,-0.51210901647243,-0.5084340303417443,-0.6911910170730833,0.1785440470076216,0.7654633434261504,-1.0641180382211113,0.23647157160968665,0.8225103118650954,0.2988980785014552,0.48821484368919216
4bf58dd8d48988d106941735,-0.364214966360816,0.07818659636796926,-0.22086683115872094,-0.19786051866301613,0.22649346200159143,-0.7844754851741049,0.014216791930607353,0.4442560358927398,0.07645344399150329,0.32075586300328796
4bf58dd8d48988d11f941735,-0.7982722751521557,-1.9748884162657818,0.7105836389062739,1.0030339065970297,-1.0627784782395084,-2.090470544581298,0.3748968585928506,1.1035674852643051,0.796717162807699,0.2086438968489243
4bf58dd8d48988d1b3941735,-1.002725867219444,0.796484108651201,-0.12193577382480428,0.1436898366891911,-0.13453856490129218,0.24548450287127263,0.42762227295386895,0.5742512879986721,1.0790715648131266,-0.3845713464270959
4bf58dd8d48988d122951735,-0.8271672560287499,-0.9930690304704862,-1.1226090760667133,1.0168447804048153,1.2156617686267939,-0.7347071303151568,-0.21404059463825867,0.7588674388609707,0.9525037931049368,0.8567224132709846
4bf58dd8d48988d1cc941735,-0.9219645420438792,-0.7483879699223808,-0.6166864160053945,0.02852171586241017,0.21823392880815656,-1.562858515349583,0.17149767651324832,0.8851214523819688,0.5355228309066405,0.6895821035519254
4bf58dd8d48988d146941735,-1.261000401929707,0.3775471411339562,-0.6777425517538023,0.07149729982826918,1.1892106902462594,-1.0210665642724464,0.06584026280459064,0.4966567727783775,0.6084780183656427,0.6560212973137407
4bf58dd8d48988d182941735,-0.602406090823992,-1.6512028450467287,-1.2438858398297594,0.18242096111738335,-0.5884284583454019,-1.9274496125779481,-2.1714714229211682,-0.20159383547682988,0.2105789841917105,-0.6910576826210386
4bf58dd8d48988d142941735,-0.09787715018733129,-0.04121411355954662,-0.04786567802576551,0.01690154872903046,0.018951820341635228,-0.12845603177372794,-0.0036145670367338963,0.09019915561393718,0.07593557038949104,0.05952996859819933
4bf58dd8d48988d116951735,-0.24097099988243442,-0.19782793999781303,-0.3268188316297248,0.08857373017774878,0.4416027258279132,-0.5748614932854357,-0.039648538277466776,0.4040284517481601,0.20295390752027245,0.2863383361105898
4bf58dd8d48988d1dc931735,-0.5262829454295008,-0.41331777822044136,-0.5645701809813134,-0.18627056693561234,0.3536181965529589,-1.395194866998544,0.25096723794800785,0.9976591861992022,0.30413507282899743,0.43988937528054184
4bf58dd8d48988d1c0941735,-0.3984270155702452,-0.29190690223137383,-0.15947660748634998,0.08783846501853966,0.007449843017196422,-0.7765818755004306,0.10030010872925166,0.5304559037945066,0.25132599640241615,0.24104709976692554
4bf58dd8d48988d1f7931735,-0.4180089056313494,-0.06936408987539756,-0.2905962844239689,-0.1986051294414879,-0.5833096687023575,-0.3091221303015938,-0.6091314481663361,0.1429967917047882,0.6399224621400333,0.3644484047766173
4bf58dd8d48988d113941735,-0.9782286780221395,-0.47173147295088763,-0.3584290817257474,0.0502843656914654,-0.28740854109774217,-1.6369066846484501,0.3066116865271868,1.0432132347837895,0.3871670958888205,0.7538474102312605
4f04b10d2fb6e1c99f3db0be,-0.5042974566727113,-0.04826758537691899,-0.15351814797339203,0.3370361038248665,-0.014558214901656017,-0.3681014920678464,-0.002522728984829611,0.3660801043827062,0.37362201125882144,0.22984096641942275
4bf58dd8d48988d1f0931735,-0.9560709579456197,-0.035180850190193014,-1.2824113132990014,-0.7937221453488535,-2.498480362756909,-0.17048761464731058,-2.413948455083724,0.4887257025458609,1.8195886892896775,1.4790396486595871
4bf58dd8d48988d11b951735,-0.4615472350119611,0.30738667357303256,-0.43822320573635654,-0.4912544670663892,0.5542443624731623,-1.143408764276994,0.15139333099721408,0.7376947854511715,0.08404679717920847,0.39078353676587485
4f04ad622fb6e1c99f3db0b9,-0.5633577913425868,0.16593248346179237,-0.24081791794439905,0.09394706894617848,0.2940371030004376,-0.5535335900283981,-0.4367663057507009,0.38683269530488096,0.551651540947903,0.3498597745162225
4f04aa0c2fb6e1c99f3db0b8,-0.42107539280779593,-0.23103155720654533,-0.2325890177606341,0.08350347054894379,0.11105575151680751,-0.7399199509054425,0.040838091855528946,0.5027232679083772,0.2262462622471948,0.3229774303188509
4bf58dd8d48988d1f3941735,-0.525456054880787,-1.7150455072787796,-0.9756088511398683,1.4791221939220116,1.5626634651756834,-0.5660186948534874,-0.34358696167053043,0.5168311471565978,1.061200750613515,0.5936762407399937
4bf58dd8d48988d15f941735,-1.0108755038480952,0.5684598952601835,-0.03528593809765503,-0.19113139361083886,0.7948027461653336,-0.9104234668486283,-0.14114559385065692,0.3442299033165959,1.1857131607960794,-0.18906075195995412
4d4b7105d754a06376d81259,-0.027460442878195077,-0.009890757738973245,-0.009615024003009242,0.003995867891416291,-0.0016247771404811564,-0.03534509440510887,9.560018306033318E-4,0.023675359982104405,0.019761499951572586,0.015387671611644452
4bf58dd8d48988d175941735,-1.1414217822929569,0.40572084987153373,-0.18742787269822975,0.09454539485668498,-0.24433011628581652,-1.399150553952142,0.3619738955444396,0.6989765623055596,-0.18993323333623668,0.8825203522204915
4bf58dd8d48988d14e941735,-0.774622613640397,-0.6169225192405179,-0.5101943262731886,-0.12572005431348404,-0.09929619657009285,-1.5505634919998956,0.2058648041065453,0.9682594042545122,0.40222670235969804,0.5305675132619438
4bf58dd8d48988d103951735,-0.407339519097324,-0.6727248545848095,-1.0787911027893577,0.44398831775456843,0.9591898221705035,-0.9436952686107147,0.27969964935076874,0.8074270718041084,0.009097915941629228,0.8058945823404512
4bf58dd8d48988d135941735,-0.17559927869655936,-0.3762806702912557,-0.03479914193765703,0.11607694639938909,-0.1772874864642534,-0.7140512787936616,-0.10758795227136164,0.422469956586325,0.18877867410020688,0.1627474710539671
4eb1d80a4b900d56c88a45ff,-0.2563311294681746,0.6909407492503733,0.2411519721318123,-0.7905211469745298,1.198652127220887,-1.9371931090371235,-0.8956439908303389,1.2232386275385185,1.2234176325049095,-0.24481891818465168
4bf58dd8d48988d193941735,-0.4649622815028871,0.45403007636028325,-0.08137747977896442,-0.5531302707451652,0.6802436502224015,-0.9965086714215398,-0.44427369802628275,0.38536859767259624,0.4384938919153065,0.22246836035481737
4bf58dd8d48988d188941735,-0.6386133025299819,0.3484480810109074,-0.07198081133543158,-0.3627777721353853,-0.981444820522442,-2.008032758000951,-0.8033575115286123,0.7498616933914902,0.029620445709809488,1.111856819987272
4f2a23984b9023bd5841ed2c,-0.7295193831517842,0.534912369173932,0.04405860146149576,0.3487656956993947,1.1326105781838682,-0.5417216026624782,-1.3621254674663166,-0.08901299575068557,1.130083570745567,0.31601034902696884
50be8ee891d4fa8dcc7199a7,-0.3210898382139237,0.39251168429019834,-0.2865263724375612,-0.03479844567832176,0.5791810027733557,-0.2435850418851887,-0.11859785541532356,0.28081017669350977,0.16611322239643642,0.21284376108344946
4bf58dd8d48988d115951735,-1.0238211593964552,0.012843321158438855,-0.8997462576389923,-0.42882883428946844,1.562074523406669,-1.1480055354033574,0.5584470892115665,0.649896543887302,0.06333681880384372,0.8051756908883367
4fceea171983d5d06c3e9823,-0.43550816839203643,-0.22418917186062745,-0.33516054323621103,-0.5034762436948307,0.3820318670881116,-1.4220663126422954,-0.5329475431256783,0.8090065607518901,0.5227873197645053,0.3528854593682797
4deefc054765f83613cdba6f,-0.5445378232425606,-0.4046081468191526,-0.3099481325190568,0.10881584634472836,0.059934580790106246,-0.8205550952083736,0.17191769679276064,0.5544449917995484,0.3661556783698699,0.3177221023471294
4bf58dd8d48988d147941735,-1.1394544718853796,-0.6516208868009541,-0.6193209075953511,0.206023889631886,0.22824238903077448,-1.3234124013987378,0.30826909297297583,0.6993258348661635,0.8040299912983534,0.49394010084752243
4e52adeebd41615f56317744,-0.8311866837754327,0.3991373833592939,-0.15683412237378117,0.06987276723846231,0.5857002682433081,-0.7394117770301248,-0.36714618120605613,0.3986638370636519,0.7816056970575657,0.35883988963264846
4bf58dd8d48988d127951735,-0.49126167711858915,-0.73724657375515,-0.89269266459603,0.43067562447844104,0.8665621389424151,-0.9538441090576885,0.13354409406312168,0.846989931627407,0.33952832556204704,0.6630744862784166
4bf58dd8d48988d181941735,-0.15414766175231912,-0.036671393422806356,-0.04191649174300342,-0.2589376535011022,0.3168301993359451,-0.8429209946356715,-0.52239665105497,0.5762168418049317,0.4881217716756449,0.030505327315245544
4bf58dd8d48988d18e941735,-0.49085359462720424,-0.6472319799772212,-0.0763206229243212,0.2189341853221388,-0.19165623713056903,-1.1877522408478782,0.03250219550059872,0.5757418405890612,0.5067608205041436,0.14773401581346435
4bf58dd8d48988d101941735,-0.36053648102796815,0.10026665566143013,-0.11988079914089435,-0.23465326793472313,-0.0018131373807193916,-0.7956474683641435,0.26962082355919,0.3673855446241645,-0.16691698478296588,0.3293707992137027
4bf58dd8d48988d199941735,-0.8621942006571394,0.22680613298664132,-0.11774047248850839,0.3233883501677069,0.037161249291962066,0.21151315865221135,0.6443192442737744,0.5887021537475962,1.02379145256073,-0.4466223016389547
4bf58dd8d48988d159941735,-0.5537344413325117,1.277839789265881,0.47661658455915423,-0.8181550871581743,1.0682382218053939,-1.3609035269116163,-1.496805571501493,0.8356102825869275,1.0162968784267197,0.0769642259427689
4bf58dd8d48988d1f1931735,-0.3111083607633438,-1.448227807766439,-0.0443563533704011,0.4197626630094722,-0.1140414911842075,-1.5564397514945627,-0.41823271996849454,0.845908429506514,1.0279602627241435,-0.10711131486744845
4bf58dd8d48988d119941735,-0.3586026695036628,-0.15234885809417975,-0.1339143627358631,0.18188430538293132,0.022594585800352195,-0.38093991643374686,-0.025755398480087083,0.22465329907504433,0.2721166907672851,0.17749659487194624
4bf58dd8d48988d10d951735,-0.2596676455843906,-1.7632943856124434,-0.4054795849650849,1.4393947559760403,0.3377798789424821,-1.466630269775098,-0.1272983243503834,0.9049965675350099,0.6305287429808099,0.47311274063676456
4bf58dd8d48988d1d1941735,-1.1535492742973874,-0.7604219361153992,-0.46087159345671186,0.24564639679670058,0.07231126330082098,-1.435508437765347,0.11748838789543661,0.9633268865326373,0.9141205503921,0.5959461297410286
4bf58dd8d48988d124951735,-1.1126990652328521,-0.058939475786146035,-1.304979842028734,-0.8381590459967114,1.3663773581448815,-1.016932524998878,0.2909719986773385,0.44384052128012386,0.26808745577973153,0.9728759995988249
4bf58dd8d48988d1fa941735,-0.754910721407472,0.23688421155034942,-0.7720248091533368,-0.3792613260539527,0.9476619547014302,-1.004535722174034,0.22615629954437821,0.7512076858695154,0.33022334911945306,0.5083329219497411
4bf58dd8d48988d1b1941735,-0.8954066480736244,0.1370190843216502,-0.21011613654880656,0.34819493558994485,0.04588631241761312,0.14117617469777868,0.671287046478647,0.6047328576835966,1.0218224117433572,-0.3912953077964212
4bf58dd8d48988d1ca941735,-0.8407378056299852,-0.668982320418185,-0.523987418023531,-0.10215964131031079,-0.040367567376714264,-1.6367310914928346,0.2897877404678957,1.003289771390248,0.3332254459012414,0.6172869678297432
4bf58dd8d48988d1f2931735,-0.2764694017566827,-0.3427391816558359,-0.12012394539681508,0.16857032197356925,-0.05649602661132047,-0.5772645421328814,-0.14346859148664687,0.30824023550663715,0.295142582492288,0.12855190473104158
4bf58dd8d48988d101951735,-0.6684524916297226,-0.5293984232378195,-0.741724663609671,0.3388894294108235,1.0029654342006695,-0.6292328658798327,0.11620915509740871,0.43627123989830013,0.5747605723386054,0.39804871786659224
4e4c9077bd41f78e849722f9,-0.5030651773554874,0.14233830242322018,-0.21589776392216517,0.27268006116416826,0.32698689521730157,-0.14479105122931613,-0.20631752905710635,0.11177776204413481,0.46477007032529494,0.18384928640193268
4f4531504b9074f6e4fb0102,-1.3911635873555017,0.18932990836540545,-0.07004037489700253,1.4633163525108932,0.17098086949194996,-0.3575528104910277,-1.5396520027897862,0.50479516231187,1.4032724376385048,1.007595647550224
4bf58dd8d48988d118941735,-0.34954934052731845,-0.08536207165585674,-0.11068130549380067,0.0996143524017448,0.05268443243026211,-0.5210679339977767,-0.13972996449830083,0.28909331850339065,0.27051294848676005,0.2533777001641561
4bf58dd8d48988d108941735,-0.8232927999074693,-0.9133396510812156,-0.4681657063819374,0.32462923697278606,-0.10350835958772062,-1.4406230779003655,0.1787546281785598,0.942948058741907,0.5265567635724967,0.692748144108188
4d954b0ea243a5684a65b473,-1.5726160018703954,0.46282477750666173,-0.8694028485986909,0.16052280022108,1.393330793389921,-0.8265522542984814,-0.30760204278497305,0.5184037319295035,1.116388106591287,0.6131031750559152
4bf58dd8d48988d168941735,-0.4077676306988928,-0.006493816541962335,-0.14819925254439562,0.05156349423532512,0.02083737512603662,-0.46244608997466863,0.03334874653002036,0.2892558769376294,0.19356054659715255,0.2550604046868007
4bf58dd8d48988d1f5931735,-0.5792851967489553,0.38396004684246343,-0.14542058154748733,-0.3579953648873803,0.5146396820961711,-1.0065008002127807,-0.5629757645686724,0.2690850259993538,0.4647795122764777,0.4061680008541378
4bf58dd8d48988d150941735,-0.7165665079969892,-0.4702813458323251,-0.28069258944524744,-0.08997225140187677,-0.37428982630450713,-1.425478044450963,0.19560817339792808,0.9647353107978104,0.30842362241962407,0.5940659112995768
4bf58dd8d48988d120941735,-1.163516836833104,-1.223253575721259,-0.38269800548231697,0.5256341043928163,0.07793366939457204,-1.4251497370483714,0.39619201586683,0.7852867036101453,0.9899559909816058,0.43005787729881606
4bf58dd8d48988d180941735,-0.544676009925827,-1.4629795400599765,-0.6839636385890392,0.6729065329252303,0.14874688377617554,-1.6041022268193057,0.36833265482209127,1.229605958095791,0.3354497334431464,0.7081058649336363
4bf58dd8d48988d1ed941735,-1.009414273839794,-0.43880443271033653,-0.5295068701811494,-0.2811618245834433,0.033712451848290886,-1.7141148035903102,0.16980487402894012,0.9131590160531474,0.296816503143865,0.8952508880348538
4bf58dd8d48988d100941735,-0.6989788617031263,-0.13537820478992568,-0.26933484015310866,-0.04330374790507639,-0.04122139421496394,-1.069095192135909,-4.7908106778491523E-4,0.9064707989868069,0.5530021546188566,0.34957340022534367
4bf58dd8d48988d198941735,-1.7130845902390996,0.4743518449034915,0.028169493214507076,0.6435062774917867,-0.34410785574715913,0.5769231988640611,1.1887806974658315,1.2426923150622757,2.2537466065384613,-1.1997822877145237
4bf58dd8d48988d1f9941735,-0.3538614893395595,0.03258430250981679,-0.2516911333675736,0.046543835330298704,0.32311164720797875,-0.3030995065982518,-0.056653444704143935,0.22413523770938507,0.26224805625469394,0.1857825026132579
4bf58dd8d48988d123941735,-0.7011367396002891,-1.0036374136890973,0.11581382158627576,0.08687971453848864,-0.8887714082609329,-2.0227154720620466,0.5099568064945994,1.2358815384510862,0.06928142241339329,0.7483443444098803
4bf58dd8d48988d143941735,-0.6739903539900082,-0.22797484697745704,-0.3936002437234996,0.16193122516761863,0.24139754250836176,-0.9094535365659506,-0.09840386167080174,0.6566443052866491,0.503776045683869,0.46085182652885365
4d4b7105d754a06379d81259,-0.0014094373897505525,7.70646412555228E-4,-6.762423043008729E-4,2.980533287578196E-4,0.002422970945979918,-0.0017746999825479853,-0.0017070861799570298,0.0011665799544216737,0.0019821827296646484,5.978407846118053E-4
4e39a956bd410d7aed40cbc3,-0.5810906009233,0.3619432843712125,-0.12317995776319157,-0.23847871134526605,0.03122449699121425,-0.6463044814582294,0.16980980217216018,0.4650572128697958,0.14963886700771437,0.22600375620418145
50aaa49e4b90af0d42d5de11,-0.44215883814088325,0.0670943203864619,-0.09902012718994478,-0.3627592019459338,0.5590478146702391,-1.3549260036121753,-0.8327196366817764,0.6413585918096657,0.9238738579513899,0.10315685830847546
4bf58dd8d48988d1df941735,-1.1792390217835116,0.8991555216007451,0.1765180279875729,-0.40310436935446764,1.6223467580162256,-1.3413062926073422,-1.5381289773828706,0.18218096728184835,1.1250270785238192,0.5242649581837917
4cce455aebf7b749d5e191f5,-0.6079611692667569,0.257257198528578,-0.1093868004698615,-0.5345973395711268,-0.38212012540676316,-1.8876304936599397,0.08232776434535466,0.7297336467646912,-0.3719529766724418,0.8137421707867163
4bf58dd8d48988d18c941735,-0.7946654588486249,-0.1308566107497522,-0.4577718796505361,0.07363615868982665,-1.1332498599149436,-1.9170528100935222,-1.2110349395968685,0.22912342134886013,0.7138013125736253,0.5812435807139644
4bf58dd8d48988d12c941735,-0.06603224875742689,0.5191543048127779,-0.021250791330802415,-0.46172495373837413,0.5842726471685786,-0.5321596351634237,-0.22286200522567595,0.2814257891242749,0.06542105342342283,0.07013458162164546
4bf58dd8d48988d11a951735,-0.6296167925304932,0.046418790992182955,-0.2770030956973549,0.06175466001315431,0.23739367383456203,-0.7565605928828367,-0.09934797067470039,0.6156756564978572,0.5355767663144518,0.30581755974373287
4bf58dd8d48988d1a7941735,-1.9074815473406914,0.5731991232648798,-0.13979414528713044,0.6198782620545011,-0.31239741528186377,0.8051504685625253,1.8860977432683104,1.5994932389773842,2.4936150339718557,-1.4950426101555252
4bf58dd8d48988d166941735,0.554422464617919,0.8700607914082478,0.36123135993645644,-0.692898639322059,1.3345572242816863,-1.6325632553869787,-1.5481273545139107,1.5091406912725114,0.6140397416833452,-0.01143401044444088
4bf58dd8d48988d1c7941735,-0.6231692428600714,-0.18706757793140794,-0.44128260924783475,-0.233379898076455,0.47008869781425644,-1.4121070926744428,-0.09489782710920164,0.7619956206004977,0.28034259033035397,0.4996549114439815
4bf58dd8d48988d13b941735,-1.2234355922156788,0.5521335480744863,-0.45061936809598563,0.0927298826687046,0.5645201670360611,-0.5979473303944237,0.4056575418795228,0.6639727921359975,0.8614993754045628,0.1481646993920236
4bf58dd8d48988d15b941735,-0.485202618686768,0.04891109441452207,-0.24267211481902862,-0.18111617273461447,0.18518198957396662,-0.865483575280636,0.05095771707223806,0.535787763709515,0.1956324225018299,0.3427581531399208
4f4533814b9074f6e4fb0107,-0.6919894441764469,0.648297259629269,-0.2704232868729879,-0.3555464741385433,0.5336785577505462,-0.6535576523815034,0.4182851778845882,0.5517241083598499,0.2727842938919194,0.1418396939082498
4bf58dd8d48988d1eb931735,-0.9727639368151533,-0.18644205643552347,-1.2502737368647805,-0.8283086726643495,-2.4171899751525827,-0.48435876399516026,-1.8212400646142997,0.8689423543212823,1.5878911243007574,1.467729927702424
4f4533814b9074f6e4fb0106,-0.7004210461529045,0.7169313736107883,-0.23325748509021516,-0.5681874939256123,0.6358978639477035,-0.7857688920910149,0.34116557191523206,0.3776294617305571,0.3027994086651779,0.022926587451531175
4bf58dd8d48988d15e941735,-0.823486990807256,0.9254629090337939,-0.2675973954157262,-0.9691273023192686,0.18443680488986666,-1.416700665215452,0.1317014114109173,0.5978603103966195,-0.22222100607741868,0.5446592903712358
4bf58dd8d48988d17e941735,-0.0377236995514138,-1.8062444519244878,-0.21118626860839235,0.27938176717181173,-0.5185023308364478,-1.7330406860178436,0.8449839538818541,1.3857619616157575,0.038362568046541035,0.2649497487610812
4bf58dd8d48988d189941735,-0.5206212659041517,0.05800605423667858,-0.10112011464625481,-0.10483903732149977,-0.0597014296796551,-0.8231015060716823,-0.05756148474781799,0.4482408919251928,0.32625901482027153,0.2471676120543776
4bf58dd8d48988d117951735,-0.5172258412292219,-0.19505115896653663,-0.7779405062923888,-0.21817893514187844,0.9555650644293893,-1.0855549336007928,0.0721362685751452,0.8099026513947972,0.34834245728994573,0.4453626115183948
4bf58dd8d48988d12f941735,-0.5759361174768899,0.8577155503378202,-0.8459418136227934,-0.6191754513821757,1.3610047955712663,-0.8406267383262969,0.13920835328598072,1.6948574097389744,0.6134833176954446,0.04960602230308077
4bf58dd8d48988d119951735,-0.5323234716626157,-0.19689326025899614,-0.31378745914594575,0.07196263061179105,0.2166445596910454,-0.7563987192684116,4.502871457067177E-4,0.5159010009275407,0.3580392921710649,0.3547528657071544
4bf58dd8d48988d1d3941735,-0.660535805102166,-0.37479162610637684,-0.3320338154365778,0.0038023548945442984,-0.02360933127185752,-1.2142129634670176,0.15038846639597786,0.8069145414056907,0.3900717922667831,0.44641685537008946
4bf58dd8d48988d116941735,-0.7579738636017999,-0.5520232703159826,-0.029860003632178295,0.202009346454236,-0.29538494903609097,-1.1547470406421116,0.14773821118512384,0.7250927165850245,0.47867047790035105,0.4623077971006741
4bf58dd8d48988d1f6941735,-0.6518073149759138,-0.5295664664785465,-1.1023683994929765,0.5958869804592927,0.9805537146933984,-1.0052090230577855,-0.08728754534632166,0.9842538701596629,0.5616807135256168,0.8044971288832589
4bf58dd8d48988d10c941735,-0.628223453141737,-0.4173719342402658,-0.2999418460142235,-0.33440214103351373,-0.43003731868686,-1.8050460815838092,0.23809678416187144,1.235198067447832,0.09760987749376042,0.7323139166296211
4e52d2d203646f7c19daa8ae,-0.299722184434573,0.06079578421170963,-0.009877906327252906,-0.03572913014865977,0.19472430897278006,-0.41458532416537364,-0.09717086148503122,0.24874114906017114,0.36981018989219,0.06586681389694697
4bf58dd8d48988d172941735,-1.2853749803256447,0.48123239504887105,-1.1729755269390494,0.11353343713186784,1.6199097563136733,-0.6388348573105063,0.15651765638612022,0.6110772713440952,0.8216784379003486,0.5377306213719651
4bf58dd8d48988d122941735,-0.6917670836326424,-0.5663750095103666,0.04865463101360867,0.10457273756963706,-0.321807031601316,-1.408932043899748,-0.04606490281026259,0.9170214796015432,0.5007642940554515,0.43847835078467257
4f2a210c4b9023bd5841ed28,-0.4092891850901715,0.1239690768444731,-0.08988616642619511,0.07143161065646143,0.13240469421731926,-0.2131109356659342,-0.07196282588390267,0.14723969036831894,0.368920145791128,0.054341057303985855
507c8c4091d498d9fc8c67a9,-0.5628461512869112,-0.21976727390331424,-0.032666026269252635,0.23238008144008454,0.462951760638989,-0.9854503564137855,-0.5547607091452164,0.47450095833833633,0.7716274498989133,0.2579400090463991
4e74f6cabd41c4836eac4c31,-0.008236539169095685,0.3525595809064989,0.15241305785522766,-0.873628613124772,0.3666698353133342,-1.1648988464666532,-1.2784983231087734,0.5346674485121307,0.47431018262665264,0.11098942280979787
4bf58dd8d48988d17f941735,-0.3214730717410628,-1.067495276910712,-0.286545185293442,0.35492994092664293,0.09151448819525854,-1.1528349711303727,0.10221739514648243,0.8403982975279238,0.41413833793475446,0.2800987041002196
4bf58dd8d48988d1b0941735,-0.8014762516936119,0.10228812696664798,-0.09524072103005218,0.24886584869394185,-0.12545456201894642,0.21780988844275012,0.8302945919882201,0.5826300020057397,0.9669769624574156,-0.5616067782359496
4bf58dd8d48988d1e0941735,-0.582991467270085,1.0570397447162707,-0.4448067107848259,-1.1143062959154282,0.5187099414486875,-1.0764128112936213,-0.9134318648519,0.43651711748475536,0.6535561251185568,0.42978590550810397
4bf58dd8d48988d145941735,-1.0229725440990658,-0.5259394540268035,-0.45977839370658014,0.0792183728130413,0.024554983652915977,-1.4978787114258563,0.11183556084398019,1.0313854171414782,0.6296389818968888,0.7205106978452651
4bf58dd8d48988d1df931735,-1.0254932088801259,-0.7616062338960546,-0.3351952858810419,0.0473418561160709,-0.23816938426078496,-1.5458526890490663,0.3421832484103755,0.9868076631955635,0.6775067394623484,0.5823591311887609
4bf58dd8d48988d1c9941735,-0.5797405799957449,-0.5857806227604955,-0.6656289050887418,-0.07438346014810755,0.31289090175258066,-1.2981805939451225,0.1758990000026765,0.9448267054250594,0.39504477763181695,0.5479074883260877
4bf58dd8d48988d1f4931735,-0.5139685634160434,-0.5228976573341371,-0.27386032756650974,-0.029654101985018364,0.1825339224997447,-1.1029978404717673,-0.48942319247363464,0.6108574062243797,0.6376048132555748,0.24668913187290029
4bf58dd8d48988d115941735,-0.6068348935601793,-0.6476643259605251,-0.37429337181249345,0.2782288822225539,0.193452666026376,-0.9848099893170562,0.07173010326341442,0.6441157494333906,0.548625908630118,0.351418140574785
5032833091d4c4b30a586d60,-0.5706317861913041,-0.19310680508153696,-0.6196249995323432,-0.4086252354583909,1.0247769028474707,-0.9405935629424255,0.22862697913263028,0.38276025343941794,0.2031334807863167,0.3607056662323598
4bf58dd8d48988d123951735,-1.0840936970025432,0.5322236841835726,-0.1785777907348903,0.10949873240994254,0.4534168153841204,-1.048850886510779,-0.10168993371731738,0.8169029105077621,0.483909453281686,0.7641056517813019
4bf58dd8d48988d1f7941735,-0.47965308929872247,0.08439513661042516,-0.32832152767107725,-0.0011733832539954215,0.4585750149667459,-0.4951619789025006,-0.055844728131728284,0.336936315957578,0.32345152462804,0.2704019598448703
4bf58dd8d48988d118951735,-1.4126145176040006,0.36181682941832227,-1.2610448605182702,-2.6442365324193376E-4,1.5804339132978371,-0.7742748972150867,0.1388269733075178,0.6533432082519928,0.7753351067708051,0.6678303094882866
4bf58dd8d48988d10e951735,-0.6172505717864466,-0.006132935690152946,-0.5125815713998829,-0.6995823500605178,0.43797723528242183,-1.439578697469971,0.11982443086785816,0.7485065166096588,0.03837348814185935,0.657005195310145
4bf58dd8d48988d1a6941735,-0.35998943586600224,0.10534230718828823,-0.04123455008424498,0.10851622709245026,-0.12211699569237228,0.09637802714947846,0.3753628148272642,0.20805553712275623,0.4154527141007483,-0.22982636860123623
4bf58dd8d48988d15c941735,-0.4329910007838761,0.48560976986089593,0.055941682000292446,-0.6669102392595592,0.9031982520816787,-1.4093691484741722,-0.41456252210437705,0.7748589570622646,0.6067629746279608,0.06314831941760755
5032792091d4c4b30a586d5c,-0.5190953374457277,-1.231659865600134,-0.2012327985090907,0.8466720748384815,-0.3662736396287364,-1.8297876321177817,-0.7160168037041508,0.7251540391513387,1.221464966354887,0.10074071507621273
4bf58dd8d48988d196941735,-1.7487068914649777,1.3134061665732324,-1.3847053253702404,-0.5012097480012664,0.8640408077394632,-0.8571622600706547,0.618268341599963,0.6414834428886058,0.37288376036933374,0.900388901774659
4bf58dd8d48988d121941735,-0.6633285744208937,-0.754561590719495,-0.12306865265294469,0.0957621846665134,-0.4497736649353799,-1.366577507593168,0.43796144903150996,0.8260605865502613,0.2710528382341197,0.44988997102427974
4f4531084b9074f6e4fb0101,-0.6577696882836023,-0.5049129694674679,-0.6370343765791219,0.4603235453070632,0.8760783681171187,-0.4899332636311987,0.026464205874786415,0.24360631543816014,0.5968629564954971,0.3715414999322342
4bf58dd8d48988d1d4941735,-0.666038575876953,-0.36887800451312,-0.19159716965800414,-0.028014515072920902,-0.0382707795505399,-1.4839211983351113,0.027094472316347082,0.878744400419029,0.38808243179050667,0.5422564594956143
4bf58dd8d48988d1e9931735,-0.31006196607499975,-1.9808021043177617,0.22795197771004572,1.3635773113670775,-0.6329589892191314,-2.0974727792507557,-0.3259496893460821,1.0322925783926074,0.8265836993893222,0.2275519994037388
4bf58dd8d48988d12e941735,-0.6564177775626591,0.7646323453870576,-0.32178761194216976,-0.6997387791763291,1.3439260984498218,-1.2970179131649862,-0.3851509794919326,0.5194111161649737,0.6876846123028405,0.16525338841243606
