4bf58dd8d48988d1e8941735,0.41441674428025893,-0.2559525470395285,0.8369771412932906,0.9431825396564253,0.3338233032903368,1.159170452710594,0.755976535545477,-1.246820100869258,1.507015948592451,-0.4255776373937905
4d4b7105d754a06378d81259,-0.0010956669373529883,0.004014839549280162,-0.007835773851808362,0.007169486120360882,-0.0029936640295602788,0.01351814472755547,0.0072573810323945595,-0.0021372897088674132,0.015727256106796688,4.3229520696925466E-5
4bf58dd8d48988d164941735,0.808534771385877,-0.23155997880839257,-1.2649397169947951,1.0320786303442184,-0.7179822479862228,1.2201488521134487,0.8014016336511249,0.48393294302650597,0.5174611005108861,0.15316979657746319
5032891291d4c4b30a586d68,0.10201243707329517,0.21120330078187788,-0.3214592781577943,-0.0015453759135517864,-0.022371268487648442,0.4131203876779816,0.3142872681117288,-0.21755917954487938,0.5944125583667349,-0.007891730967312539
4bf58dd8d48988d15d941735,0.18754055912037979,-0.062009620752051756,-0.41062399698836366,0.56393056911474,0.031207141456649934,0.39552707541186694,0.5332503445308372,-0.2088793622041941,0.6782679797733436,0.10884464770860262
4bf58dd8d48988d1ce941735,-0.008923558979783275,-0.6076368527401217,-0.18369691626860224,0.31536574744059587,-0.321254808486214,1.0574580557510587,0.16227966971029936,0.931391858300323,1.5446855186020503,-0.4920662082946773
4bf58dd8d48988d19d941735,0.03246403209820439,0.8846265148146311,0.13605252762976874,1.1965834920322949,0.6454914914176653,0.540198732954584,-0.016607967957617938,0.09842827366373953,0.06576438801888432,-0.2721130575742633
4bf58dd8d48988d177941735,0.07330745759518908,1.2477911763356007,-0.05464004385230921,-0.25471251307393755,0.13246625994215874,1.5123562796069594,0.8324141238115225,-0.7533465104237936,1.4335673216241087,-0.685051655778015
4bf58dd8d48988d100951735,-0.7712853596316974,0.6632950737296475,-0.23005289616683414,0.30930235993251215,-0.8621583304095274,1.4819820237810923,0.16913874672917015,-0.8507239755031976,1.322577033014546,-0.6633690077083703
4bf58dd8d48988d1d5941735,0.3833897916275219,-0.9166035121541166,-0.5216221159270255,0.28064470190289287,-0.1080065648086178,0.36934391097638747,0.18872920583463343,1.6984686100215347,1.8322890929220017,-0.2982223795046889
4bf58dd8d48988d11d941735,0.6739342308255106,-0.3879417721448632,0.5860046139005727,0.4140701543765325,-0.024187361996044897,1.3319859565799175,0.15875577502550028,0.9603963673945678,2.120438892769171,-0.1136005753402136
4e0e22f5a56208c4ea9a85a0,0.1433181527822376,-0.10408849397446798,-0.022113494121430988,0.23968789079050581,-0.12682112557402586,0.42724864650420563,0.015086299440913057,0.16045800628603693,0.46900948340494447,-0.07552340431402867
4bf58dd8d48988d14a941735,-0.126454657784217,-0.17817066941095183,-0.011531370422608428,0.536541241849007,-0.791335802010102,1.0813741166661928,-0.4419828120709974,0.8293118344921974,1.4226518038966967,-0.7771104320759253
4bf58dd8d48988d1a8941735,0.34868238034565613,1.3258820866749372,0.15872208872510876,2.6669562567959555,1.3265504653764508,1.249805832512662,-0.0709360670363446,-0.3334746139792487,0.3244328971614042,-0.644632175782144
4bf58dd8d48988d10a941735,0.2585260553536302,-0.14216655949515206,-0.08049007033872713,0.3674116999937472,-0.36424047354207545,0.7289438544085101,0.040438112897287076,0.5870403634694502,0.8494131990080654,-0.2178937197715652
4bf58dd8d48988d113951735,-0.5285975595412411,0.697524728030187,-0.7757937382093193,0.36559770330389485,0.23517906265510535,1.4924559761886376,0.6988537486875313,-0.910131374837562,1.4777565257448917,0.07915567719360762
4bf58dd8d48988d191941735,1.5475668946332783,-1.5881892859129743,-0.8104597510465902,1.0959327519358792,-0.3345789683105562,1.0334710370518425,1.0372262075439376,1.0606337139177253,-1.6764634023430265E-5,-0.48748336209158905
4bf58dd8d48988d105951735,-0.9492370252278406,1.3358176273079507,-0.3829908339235554,0.19359750515442484,-0.5133364473530522,1.5429148656011724,-0.04053688335238148,-0.28317991934331693,0.07304926724256526,-0.2897926594123856
4bf58dd8d48988d137941735,1.68147841274761,-0.9026198574637804,-0.05931665329613073,1.276813404337391,-0.559964366579443,1.4520243030093634,-0.03979472603858533,1.2748752580568656,0.5580070749632633,-0.9186966647606593
4eb1c0253b7b52c0e1adc2e9,0.035611434530365804,0.047105241701785226,-0.39473741464197376,0.33201904240728786,-0.06921603172333468,0.7251046905933632,0.4273605162673238,-0.19098671839653902,0.8936680988833142,0.08975044026243496
4bf58dd8d48988d151941735,0.032818037475722435,-0.17740378765470388,0.02757447142175533,0.36738205446819927,-0.5228179660463362,1.2852157592673779,-0.15637514098477584,0.5065356514715406,1.6737996118954386,-0.3689649593414963
4d4b7104d754a06370d81259,0.0030320315518947353,0.004176059125701231,-0.009992823818209694,0.01342344121834288,-0.004817089048662038,0.020848340714354333,0.007964995176352562,0.004605305317382156,0.01992237453747571,-0.004110514871561695
4bf58dd8d48988d1f9931735,-0.19654602497179985,0.30567229558577846,-1.817457801393098,1.1975858215319592,0.49144347017233725,0.6181217678392895,1.6153854739447715,-0.48053283459108564,1.5968781903937401,1.031677173182346
4bf58dd8d48988d10c951735,-0.9302339549639252,0.5337851387545198,-0.3412880620745779,0.21067781123615523,-0.7981811455844566,1.5235379683958197,0.23551030720128693,0.20997482228082717,1.2616789977346399,-0.5428809223824007
4bf58dd8d48988d111941735,-0.011778863325899183,-0.01913478812135824,-0.1693799449695075,0.32468311791420457,-0.34007850623155983,0.8168250803819243,0.021289477247829643,0.47766793666712737,0.9623381977660451,-0.41235303055165673
4bf58dd8d48988d169941735,0.139756643585747,-0.19161370174717893,-0.08217072232345038,0.363139214572738,-0.35627513167978647,0.5578309131382241,0.021922911836568724,0.5062011194460116,0.8153770632465858,-0.44161632913243126
4bf58dd8d48988d1e1931735,0.3311104757325856,-0.005576485946628404,-0.30666189235728125,0.5781290509870679,-0.15800810134669296,1.1458963126826887,0.01962068981588814,0.14625660684726344,1.0236618422701982,-0.12476681480589438
4bf58dd8d48988d129941735,1.2380305060281656,-0.5029709055168838,-1.143975457705468,0.4572455228414428,-0.23061008368125357,1.0766034035412753,1.8437782953656174,-0.5570065899676764,0.17077603586088647,-0.3156678302709741
4bf58dd8d48988d132951735,-0.07289608470883649,-0.40944210953980886,-0.3065725707741868,0.12685927330333718,-0.06640997044858582,0.6770044348110736,0.3064198676312554,0.9113387599894551,1.4439841940958045,-0.27356858359942055
4bf58dd8d48988d10f941735,0.43261130135480236,-0.4187643954587278,-0.16132296015247488,0.6104561732906656,-0.5686028449186495,0.655302629122671,-0.12781590048703925,1.3003586742054316,1.0040389808245733,-1.5024445684162226
4bf58dd8d48988d14f941735,0.24402909553647592,-0.5002457868432669,-0.18154462264865429,0.3341431345334862,-0.39531776576042377,1.0575202392394665,0.1346690649498698,0.7304007604485561,1.4095926008694168,-0.5137596212951917
50aa9e094b90af0d42d5de0d,-0.008247529425736803,0.21391912585107015,-1.5588397561176384,0.9180979064067819,0.18472327654163376,0.8154650538379035,1.4737308638434712,-0.2638441918302617,1.3346482548700476,1.0448410385797948
4bf58dd8d48988d1ef941735,-0.7755094821475401,0.04371553717292325,-1.5787529829963334,-0.4858618246063135,1.175294626966627,0.25701169466854573,1.5626005844043567,1.3112285960855747,1.633248615283775,-0.2661483653535246
4bf58dd8d48988d18f941735,1.174689043690681,-1.2652757181627974,-0.4682220541309605,1.1742513215261594,-0.8136592003523786,1.1041017280935952,0.15764352083545763,1.5250567367196024,0.30612037811789544,-0.8403340886639439
4bf58dd8d48988d126951735,-0.550585296093568,0.629391156452162,-0.6690851100664518,0.3043810631526162,-0.28253338440011605,1.4256184109913288,0.43352241100623995,-0.8949641620340895,1.2143748215914427,0.2648704270736681
4bf58dd8d48988d1d0941735,-0.05645383764934119,-0.006942227360954285,-0.13325183647490466,0.3048972852676917,-0.33895351615190367,0.7839383440200476,0.04858656175519625,0.3057465958649853,0.6749298378487621,-0.35629177808468376
4bf58dd8d48988d1a3941735,0.12458998246213254,1.7449551864090231,-0.2712616157393123,3.144005011012608,1.7841715158664972,1.0049930594314007,-0.27792960113624904,1.2055673491404877,0.003920779096124211,-0.28500036705700094
4bf58dd8d48988d1e3941735,0.39211005035912444,-1.1936854867073743,-0.5785142645438397,0.8224857923348111,-0.41291144560070786,-0.2137283785763485,0.6241113017235435,-1.168253681218607,1.3282621857814652,1.0695671783156442
4bf58dd8d48988d1b4941735,0.12798927009823788,0.0725981483750552,0.1438435293638766,0.4565325056150019,0.2712250557498127,0.42688997918408955,0.11711557622173432,0.17769898629270114,0.2860264407386246,-0.23058118544206524
4bf58dd8d48988d121951735,-0.7267945153373949,0.8833675295857423,-0.7555380317265263,0.2673039792016187,-0.4519008246268206,1.632016006052443,0.25614732433316295,-0.6575227709466458,0.7771249914086417,-0.4539986544225161
4bf58dd8d48988d1ed931735,-0.2489881392800871,-0.2560633484329749,-0.8132179922837567,0.1356727876694898,0.5300574580400571,0.3471655900586247,1.1283735114606068,1.7834836154814415,1.7616502620897714,-0.5970864838816968
4bf58dd8d48988d1af941735,0.13423368176196773,1.2082429330135778,0.25700358417588653,1.8480803503523084,1.1785776342730598,1.058392788066723,-0.26841305990954656,0.3836138111258658,0.049279495366454915,-0.4304774006906626
4bf58dd8d48988d17c941735,0.2549848021311757,-0.9589100447687612,0.4958163778714015,-0.6747710911735463,0.9769896729594344,1.513548830705913,0.6192922725575173,-0.04317459673965764,1.966594750545923,0.5903333818256216
4bf58dd8d48988d1bb941735,-0.0778156234278497,0.33802057739182545,0.5705006146491306,0.5983909999476729,0.6527598602602729,0.1529174182317711,-0.12646413857172137,0.07911201855117547,0.023400649482272454,-0.4282855386500637
4bf58dd8d48988d1fb941735,-0.3879834230628425,0.2292599389908251,-0.2144828705884083,0.10132101671431328,-0.4224871202568062,1.5335175984395355,-0.1826945949774763,-0.03201977413910494,0.5624445406534647,-0.33652828778208355
4bf58dd8d48988d1f4941735,-0.6260156650940308,0.3535088171312617,-0.5052229325191143,0.11232782852547746,-1.138306701729756,0.7865659398087738,-0.4215542569641796,-0.5359885963268523,1.4196011272876816,-1.16748717593827
4bf58dd8d48988d16b941735,0.19404501258588971,-0.28238211412136055,-0.012797987082204497,0.3362008653777472,-0.45180250525217536,0.9639532393291007,-0.004715207561877606,0.7560364742218796,1.3903379160103935,-0.4970087869719347
4bf58dd8d48988d12b941735,0.999710364444867,-0.06924057714126462,-0.4823389537109714,-0.4559118421180774,-0.575505939925932,1.2600972366087966,2.6460184534956905,-1.3097651809732178,0.6067481664920483,-0.9155441554069738
5745c2e4498e11e7bccabdbd,-0.21598253572689005,1.1358446803317412,-0.8790238827624896,0.5885216532520614,-0.5379509397969043,1.5398161753355322,0.6568205656628392,-0.396202269338599,1.16649280759733,0.02677673469411211
4bf58dd8d48988d124941735,0.3866328337137713,0.353632378021971,-0.6847798179928,0.6384350032546301,-0.15198262738652052,0.7735715465361391,0.9388770998887451,0.19708661895966914,1.880706342354486,-0.6293697835461066
4bf58dd8d48988d11d951735,-0.045660436175413405,-0.14830690197817517,-0.12257654262005287,0.38069917583479185,-0.6632036371282378,1.106186849122152,0.05563363772392894,0.07811214447501508,1.0863028824074972,-0.3802325485585895
4bf58dd8d48988d12d951735,1.0871058589892408,-1.755341593470339,-1.299501247206106,0.5761932728891275,-0.6215690750150121,0.14486568703992272,1.4606279140612743,0.6603004699041298,1.0413369643928432,0.40071209190526885
4bf58dd8d48988d1fe931735,0.5167198731411745,0.9677303390069795,-1.2019277105628945,0.6672911928538484,-0.1347154312256105,0.7590885285126282,1.0988563648087926,0.23706449559812623,0.6736653958422089,0.4134945855901318
50aa9e744b90af0d42d5de0e,-0.1899317923670553,0.2886220579819349,-0.018520681992563865,0.41242118463095107,-0.09099647814477317,0.4349924103965241,0.08279179129045777,-0.0572500194667752,0.5317948272461378,-0.20629439554018175
4bf58dd8d48988d1f1941735,-0.13881870975895869,0.030260100439432294,-0.26387180255410964,0.23964491544667493,-0.4279873725233121,0.7879384749371064,0.07214927202128371,0.15710864341282527,0.7448726811839378,-0.26385034146426584
4bf58dd8d48988d10a951735,-0.5473740880283279,0.9703517854273755,-0.9257121177790684,0.36908676657351186,-0.26246977640461844,1.5145021151554117,0.6298727562864647,-0.5929608829065558,1.3239282233905234,-0.08108142960626956
5032885091d4c4b30a586d66,-0.22977134257469958,0.5613461208760377,-0.21378377857552502,0.2523847432261537,-0.5175485415292095,-0.25515197082097424,0.8355565793987296,-0.7501109653414245,0.891226982814289,-0.2853149109501068
4bf58dd8d48988d148941735,0.0629050988163692,0.5892158332855821,-0.6862094829706732,0.3460930026105295,-0.3636197296754251,1.4887764543341584,0.6172554949464786,-0.052178205634897515,0.8040040748696978,-0.3939074163756115
4bf58dd8d48988d1aa941735,0.3050804762147065,1.1586975583204093,0.24655684277347398,2.3761865532710194,1.585222540117677,0.790682377730801,-0.12607644747560873,0.727792019241291,-0.29031177163566246,-0.2979126397756679
4bf58dd8d48988d158941735,0.12691306830010385,-0.009906993846535445,-0.09336697315887398,0.34574350579202345,-0.032005250588915256,0.44101604339288303,0.11366995516139473,0.3330917484191861,0.5117601172559033,-0.28758529412915573
4bf58dd8d48988d130941735,0.2865270594972634,0.4348177146695388,-0.9672770578771012,0.5541954665729503,0.14504772852442202,0.8990391051935397,1.1369580080467756,-0.44188732920299184,1.8646466788350005,-0.21792194585338118
4bf58dd8d48988d105941735,0.25032193350988,-0.011178399759490294,0.12092718850307858,0.6134858605520167,-0.17628375110420333,0.494073161327175,0.3977143904597353,-0.2928019131463532,0.7009526172509519,-0.4932721039592105
4bf58dd8d48988d1fd941735,-0.916449684868948,0.6363500459223101,-0.6714594867518806,0.37169893591718495,-0.3841611016725545,1.8345172510728633,0.4084150532357749,0.20719622829143236,1.0383544529208095,-0.16382304460451513
4d954b16a243a5684b65b473,0.14936498207682314,-0.29846808869026265,-1.3308087580600951,0.6227151698312369,0.45844495626134846,0.22331618686261803,1.1678375216932284,-0.5660103747952249,1.227933889466006,1.1154763670863872
4eb1bc533b7b2c5b1d4306cb,-0.5989714893113279,-0.06944319855182216,-1.214651888438045,-0.3262576244837053,1.155246936678276,-0.40525569786811744,1.6523486167690342,2.3182038024523397,1.8326515422719059,-0.5239066663042564
503289d391d4c4b30a586d6a,0.06297072624777371,-0.06548021072772484,0.2137075400371856,0.3936244879321506,-0.2574661604128391,0.2620823553631315,-0.11534838828779831,0.3697824945638711,0.47204830270124776,-0.36401723724840085
4bf58dd8d48988d111951735,-1.2190466064822922,0.5788271696316376,-0.7245003398669181,-0.006135070984885289,-1.047123808692912,1.5794047283151582,-0.17934058267530306,0.37188571334798176,0.5989412299916499,-0.4226215522888594
4eb1bdf03b7b55596b4a7491,-0.05516774664995901,0.3929184726176196,-0.2102917171637003,0.18351469915797075,-0.3588270980861577,0.6084373427261268,0.24946067659708865,-0.11023831929531472,0.5392391908244898,-0.32245110480330896
50aaa4314b90af0d42d5de10,0.5219896236197762,-0.6124593996154377,-0.6973806089310637,0.4894240932901177,-0.22994472048647074,0.28676882386185965,0.5168636842604166,0.4493164251605288,0.6379082470002345,0.2702873838150455
4bf58dd8d48988d14c941735,-0.08977249247444143,0.043355165443566865,0.2389895921389273,0.24289517154436335,0.2701135329630839,1.6352214708508923,0.19748332381264813,0.07312651416016405,1.5469783081549524,-0.23557453539563689
4bf58dd8d48988d1a1941735,0.2079546059718286,1.9573111694620635,-0.015244954757341939,2.874933568844702,1.8923416920965954,0.9433981742478151,-0.14456203947667498,0.7698481168534363,-0.18255295093197357,-0.2987684239437288
4eb1bdde3b7b55596b4a7490,-0.6146238499123531,0.511940994058794,0.02231608161859984,0.09515038899081804,-0.15473209025953324,0.6187011711109,-0.20147736115801573,-0.24200568890723875,0.21904322770712772,-0.19215335589122493
4bf58dd8d48988d11b941735,0.6940762748729307,-0.43784411789077277,0.3244215246491883,0.517486497558701,-0.3299929581414994,1.1637075313951093,-0.10734566925344845,1.122457337111394,1.9010916790209906,-0.292882133529133
4bf58dd8d48988d1c4941735,0.08738175537145652,-0.27561472381488283,-0.1916471396219697,0.4580557346321862,-0.39061042342051755,1.092317315540966,0.2541452789072467,0.5571028819611066,1.4708877237434657,-0.6454466301060293
4bf58dd8d48988d179941735,-0.033321241907647244,0.3825365120124454,-0.2832751000029488,0.834940212542091,-0.6633416440117553,0.9434318141239463,0.4420399757665748,0.24366968918176865,0.8158257783421339,-1.0792166981347393
4bf58dd8d48988d126941735,0.48939057122451085,0.0063786738435315585,-0.4743819443250179,0.3842197371228416,-9.269780789944337E-4,0.9431825293459128,1.5025192685980036,-0.3198106993696651,1.0175942738704071,-0.339200039270588
4bf58dd8d48988d19b941735,-0.26814043326756876,2.1987281636338327,0.37612731000330946,2.66750284565072,1.827870688636155,1.251105485864069,-0.36408094830001037,0.6725455796839401,-0.11133550241704254,-0.45821196335982967
4bf58dd8d48988d12b951735,0.914084386502471,1.6581053322252073,-1.8765862012259467,0.8686916360181203,-0.18069307965935327,0.9251268243697887,1.6826663154305128,0.43216772331546854,0.5970287225134102,1.062832637635358
4bf58dd8d48988d162941735,0.26158536067712757,-0.2631576703909198,-1.09739677418624,1.158559880623607,-0.18414013129783013,0.7923855601619164,1.1041759726139155,-0.577260350842028,1.3964612833705232,0.7529297184314181
4bf58dd8d48988d1e3931735,0.18932014593883992,-0.14378542544263692,0.23852225996567766,0.3147927057924626,-0.49266514093644537,1.2077677199969987,-0.20124596955156393,0.30162970868667105,1.4287509279771153,-0.1425937411465896
4bf58dd8d48988d1e6941735,0.21866796884910128,-0.8087034507415956,0.7734839066008953,0.7324936218019639,0.20527606027739823,0.7511056941635664,0.42065143374907676,-1.0139695985346666,1.9882049840560216,-1.048649758242518
4bf58dd8d48988d129951735,1.1495660329922772,0.9878384351506833,-1.2050605952978866,0.6043933757017005,-0.7046400908331539,0.8349562831523729,1.6314390483353627,1.4292435272301827,0.6868313018302625,0.08280941636094834
4bf58dd8d48988d132941735,0.3394959875374183,-0.0631444463198063,-0.4099013105433732,0.7856739426197051,0.5983845197092815,2.038404504679419,0.990246298220804,-0.8884695231753108,0.7522403854955626,-1.334073000190385
4bf58dd8d48988d1b6941735,0.23955879251595802,0.08496129536675076,0.840761665090834,0.8468989053234389,0.26472398805680447,0.019560927876474038,-0.052993378687454136,0.12352061016274551,-0.09205731696284154,-0.5451116967881315
4bf58dd8d48988d103941735,0.044896759032767596,0.7564868713560243,-0.5795771349264924,0.6786014510290046,0.051955084368544145,1.3776393627418009,0.7426674950624557,-0.488563309695585,1.591526538536535,0.18590073282410258
4bf58dd8d48988d185941735,1.0106006189332963,-1.035526811585811,0.964806145996979,-0.2341307534828137,1.1763251464303686,1.5199626005536293,1.0513424362230595,0.8275510699076607,0.9640441737354152,-0.6410397854131838
4bf58dd8d48988d1ad941735,-0.6510855423534077,1.519638545057371,0.4358949493711429,1.3916776450660038,1.0455073956785548,1.5921055534299513,0.02827240325007936,-0.22286310619403576,0.2365861592978405,0.16561955683829085
4bf58dd8d48988d1ef931735,0.007476135080907487,-0.21200260683505134,-0.4594909500449619,0.048492849158071824,0.18377635303130538,0.0172793885456844,0.588782032027568,0.5774459994853102,0.7545896446385788,-0.09730886252372356
4f4532974b9074f6e4fb0104,0.006779463911021102,0.8049190387869801,-0.693184639541448,0.6043987163463961,0.39370042034456787,0.639942097569153,0.9720091614212212,-1.4240289724514839,0.6619494598633483,-0.09932825995305825
4bf58dd8d48988d1c2941735,0.10663570771338793,-0.0645011316933862,-0.14779485156807368,0.1731213504029149,-0.32233725078307945,0.36086324406041165,0.12702130491067457,0.3037005620587575,0.526811347192319,-0.030539321870958425
50327c8591d4c4b30a586d5d,0.539489125505066,-0.8178489495436607,0.2839628058988776,0.46808704244377847,-0.011278501245488967,1.1429669722015467,0.06266666048214571,0.7973193826024879,1.7237814500213016,-0.6588601298382668
4bf58dd8d48988d127941735,0.46510911297044705,0.015064555112239189,-1.2226152562857975,0.11311795460966904,0.4394230528213397,-0.3360961154735743,1.5396592899852701,-0.6486373985811923,1.612225311539256,-0.7154035721527329
4bf58dd8d48988d1fb931735,-0.7614152927684495,-0.1535891839161591,-1.0665876866034436,-0.8422490430386271,0.9507562056696717,0.8515025117551565,0.7548402115163714,0.23224299144987579,1.4135004627733339,0.5321763338258212
4bf58dd8d48988d161941735,0.41989999974985626,-0.7450849376952517,-0.3322186741420869,1.4482464676648712,-0.5161398523934998,0.7284987352021348,0.7179768786400199,-1.0106786869731375,1.1177128838609092,0.31926420897121266
4bf58dd8d48988d156941735,0.1412905336688315,0.005093934797369781,-0.1441486293175444,0.3709590869156306,-0.42480723620308275,0.6856389680410523,0.048413061223277896,0.675410976004077,0.8384987928930235,-0.47770779849174655
4bf58dd8d48988d16e941735,-0.3458918939127584,0.6742559615086247,-0.6597081381439335,0.3503827244917936,0.15669614275986993,1.6802080101051955,0.6770133128340022,-0.4317819985606589,1.2986844016348265,-0.13098700034789187
4bf58dd8d48988d107951735,-1.433399431621818,0.6412749646289524,-0.7231251835678385,-1.1497105351891701E-4,-1.4664927839319462,1.8698168701664064,0.026800054418594822,0.6059728732863938,0.5677069742230045,-0.45644160589721416
5032856091d4c4b30a586d63,2.7564565117652853,-0.9372484877635772,-0.20347956518198032,-1.1677768462089164,-0.8009073246173863,0.4870496505621227,0.42007427680127335,-1.8301868272443507,2.2077816681598703,-0.46065908812895034
4bf58dd8d48988d1f8941735,-1.1700122388960437,0.37214097804506024,-0.6834493358901432,0.05096704466422552,-0.9744223395214401,1.5881456557438525,0.11788160618687184,-0.06924623518277778,1.0831940715072352,-0.6633022518946208
4bf58dd8d48988d1be941735,0.22638435495444917,-0.10062752667264482,-0.05833458152603275,0.4430898778125847,-0.32207853802887754,0.7001365764356208,0.07034276180875741,0.6133209417452579,1.1473294325020782,-0.21926445289592666
4bf58dd8d48988d18d941735,-0.1331539829485523,0.01604703531023374,-0.594669382140511,0.3362478718850841,-0.064665289785141,0.5642550714664577,0.09127563711770878,-0.2341962454809221,0.5522848647432429,0.2768365475815294
4bf58dd8d48988d1a5941735,0.3392729753501167,1.8363813006459808,-0.032964063582583025,2.9789283114365652,1.6011107462352645,0.5012188251273019,-0.16196483832458425,1.030303727295482,-0.27963026358710835,-0.4043631921657017
4eb1daf44b900d56c88a4600,0.5273298377519544,-0.48232467196364065,0.013833553352449736,0.6597546904720413,-0.3049196718860378,0.7534128161189713,0.24395255063364535,0.21297583400706477,1.109824393963569,-0.3229287569626851
4bf58dd8d48988d167941735,-0.03772805180228184,-0.013049446183122645,-0.049332450552521966,0.7035109382477327,-0.1583987064746141,0.4221859886712684,0.33276796869670094,-0.6119618344429024,0.8055539310119683,0.2826327637443507
4bf58dd8d48988d130951735,0.2878893110105452,-0.45626402245330727,-1.2877776025854097,0.12093639670266772,0.36553610519161017,0.015105272824052662,0.9042025274351879,0.432516761490346,1.2326635622811808,0.6823581583122325
4bf58dd8d48988d17a941735,0.17152930155895296,-0.4648322154828231,-0.017791649629292878,0.21937368683415395,-0.11437830344528672,1.1008542634247849,0.043220684493532474,0.6407345213291411,1.4288110870441901,-0.3683701768951375
4bf58dd8d48988d12d941735,1.0342228484822393,-1.7004364708588096,-1.2689273016466736,0.8859505138241378,-0.15365849737202222,0.8684477548658557,1.58770877770388,0.3722690825563713,0.38154269268096214,-0.13514162070618888
4bf58dd8d48988d108951735,-1.396223726111153,0.9816369466969477,-0.9882324543987413,0.05498328256898509,-1.3085734998003937,2.007527884766394,-0.20175286069172274,0.7735069815089335,0.25227483316376154,-0.2881181714362439
4bf58dd8d48988d13a941735,0.46278771844997424,-0.23142885810719335,-0.36516906221987455,0.31926770052818043,0.2707557702664725,0.6341981959189882,0.6492218988633052,-0.07363479475989392,0.6768273358777992,-0.21118387010046943
4bf58dd8d48988d19a941735,-0.06437315612536006,1.8341030085344745,0.4268885290520904,2.4362176908725734,1.5891069275515104,1.0032836612562608,-0.2525309364730457,0.7209158329866271,-0.27566680161190565,-0.636334423123121
4bf58dd8d48988d1f2941735,-0.8915507917131524,0.3199974605165922,0.13247102993305424,0.49741755694754153,-0.9101457599089574,1.4443321178629067,0.6807461537094563,-0.10122378302770015,1.1938670602648023,-0.8238178633776527
4bf58dd8d48988d1e4931735,0.05837759314994607,-0.41150882408231754,0.37221587871035217,-0.010683767784049841,-0.026567591696512575,1.5742854238013808,-0.42162276548980754,0.1488565835214699,1.7146735773138115,-0.4773888762165575
5109983191d435c0d71c2bb1,0.9605226038705061,-1.873537045824477,-0.7041437548452414,-1.5917921661772492,0.20782232299999234,1.477840332104116,0.5174341110382776,0.43080404984194504,0.09311812165575613,0.5690522872814705
4bf58dd8d48988d128951735,-0.3694253691642799,0.08118456503290428,-1.106446685158913,-0.14315669616548793,-0.8641669938882615,1.5571716470988348,0.3144154253764342,0.5135595929095337,0.5211503828277626,-0.11219430235879511
4bf58dd8d48988d1b2941735,-0.09200709479704335,1.5500526183994912,0.9429390130734158,2.6863173243650205,1.5118784394978082,0.7867111770367498,-0.1271802181060265,0.6342496351431328,0.3736487489251218,-0.8146696400299466
4bf58dd8d48988d1cb941735,0.7899214424223219,-0.35423556226745834,-0.57003893028223,0.8602899106965123,-1.0050857598466372,0.9184397079510507,-0.11164737741523843,0.8112022328112337,1.0985394162276396,-0.8627966734010528
4bf58dd8d48988d1fd931735,1.3129438179134605,1.5715580771939663,-1.663931799372309,1.0227651134797624,-0.8205942832528043,0.8193476620456911,1.5990781852509237,1.09007324776537,0.690849072185088,0.33816001204098495
4f4528bc4b90abdf24c9de85,0.009871726016608238,0.016285227276991502,-0.013380950657900292,0.07711589466068479,-0.020727182743080885,0.0913281974564691,0.05579540476448888,0.027371745506257514,0.14106021041149297,-0.03819696973807915
4bf58dd8d48988d12f951735,-0.26809106533042826,-1.0985611216546687,-0.9289497634266994,0.4781966937867102,0.24282789651575998,0.20777490095934814,0.5942230771701501,0.6326453901146741,2.0261714486971596,1.0932175950692145
4bf58dd8d48988d174941735,1.5163706621196524,0.9786327229750388,-1.442979601222561,0.2399240968993521,0.1335500897773716,0.12310661130059396,0.030341703943244924,-0.5073607982298517,2.4761925779409557,-1.046860645066635
4bf58dd8d48988d1f6931735,-0.22045152540470264,0.3562109589879209,-1.7303993863783242,0.7262295266554786,0.5392658866027705,0.4984576857729562,1.5204056937083277,-0.37671415547505277,1.4682885230120872,0.9866909737080548
4bf58dd8d48988d106941735,0.2193087869796686,-0.0879757745682101,1.6272828501471233,2.3869317655855062,-2.1837835728547415,-1.0685321362346822,2.019083450788298,0.7073184300925047,1.3154639875572773,-0.7818973079903307
4bf58dd8d48988d11f941735,0.39583746220296095,-0.24058344496949538,0.2541862451773577,0.46975097992289616,-0.12657549915778984,1.0181098353801996,-0.5053799095932568,1.124930955737212,2.384771741190615,0.6542623363810384
4bf58dd8d48988d1b3941735,1.0138263262751384,2.5941180830247785,0.6940129350727441,0.9241346745585941,1.3494342896667386,1.137857691345031,0.9547431768482751,-0.08415372630510182,0.13974236129625814,0.021749720618398142
4bf58dd8d48988d122951735,-0.8180771733926007,0.6326895647933716,-0.8116367342061548,0.2732438696197822,-0.6908654253115187,1.9110785316099912,0.22713065288746054,0.2730363566499015,0.9760774001124101,-0.3991616462437173
4bf58dd8d48988d1cc941735,-0.04115750877302161,-0.3523126140041847,-0.05161917186638203,0.19372469336813428,-0.13993127940509476,1.1783459939427843,0.2677965935487876,0.7595818639990969,1.68655102420405,-0.6663619590445339
4bf58dd8d48988d182941735,0.7995779791197357,-1.4398261031207253,-0.8758030931941962,-1.0722306146785114,0.3079474150286546,1.9048413164714908,0.7973382820565343,-0.08679694213638912,0.682649086546941,0.6222889127074279
4bf58dd8d48988d109951735,-1.832169610462736,1.414117608348165,-0.47702580829724256,-0.12340223069108934,-1.2357575739159674,2.159694182008918,-0.5261774103327596,0.6703601269585961,0.43631388778807073,-0.14472561558742789
4bf58dd8d48988d1c0941735,0.10334336070055326,-0.021706633210321246,-0.052094159406264794,0.5544242179901079,-0.5537719927507687,0.8954431053302478,-0.09502019253852745,0.9801088393949948,1.3177669113867323,-0.7477919854343303
4bf58dd8d48988d116951735,-0.10001233168570593,0.3521136253695709,-0.6110541384424152,0.17246347712671067,-0.7404347470688339,1.017127459985763,0.1936065102901592,-0.010735031778844596,0.674616569687165,-0.1404476682584014
4bf58dd8d48988d1f7931735,-0.3343038836453728,-0.1283775537209868,-1.4525952764765124,-0.3397141997974841,1.3794756916818391,-0.464900959700064,1.7711590311819565,1.9836304227471238,1.8781408500541947,-0.6426049306677808
4bf58dd8d48988d113941735,-0.17912794213822886,-0.1089504106029281,-0.13351385300103616,0.514358569111194,-0.9120353350140146,1.2007812452363562,-0.5054643819325275,1.3228195261790474,1.0644027062734578,-1.1323015699458978
4bf58dd8d48988d1f0931735,-0.9193592180257653,0.06812646068929396,-1.5130053622797857,-0.41048976700639933,1.4910880708381267,-0.27106232901464156,1.9170397866751454,2.0385409129056913,1.7510153608263026,-0.43603634146556053
4f04ad622fb6e1c99f3db0b9,0.22043955523089315,0.024586619252748576,-0.25901574224382007,0.19473597274840249,-0.2917736417463518,0.32466228172609407,0.2094754548776106,0.3914016248611101,0.3874217822656989,0.007427471993769708
4f04aa0c2fb6e1c99f3db0b8,-0.3839890167569396,0.2503704799669114,0.11678003763719844,0.3882975330646208,-0.4458311718225188,1.088073493032867,0.05862401932034733,0.11046235246784261,1.4560929171500496,-0.646162973894302
4bf58dd8d48988d1f3941735,-0.8622185246946116,0.3210934738660409,-0.9991822074183951,-0.15357081126052236,-0.8906759150251906,2.1182769539554474,0.09966340585507208,0.26719242750099664,0.3296482204827556,-0.5736599981614403
4bf58dd8d48988d175941735,-0.1530022464566009,0.26897913448773925,0.22110743260584628,0.7954906628595529,-0.35885198696157194,0.6949832223784319,0.5130552838835029,0.12889571309549402,1.561422638723649,-0.6986401404078082
4eb1d80a4b900d56c88a45ff,-0.07153841330562204,0.33654114017399644,-0.05828879910977264,0.30219419913215473,0.1082223287074293,0.6088512516684973,0.16315544434920518,-0.44282551133649417,0.2652626581069403,0.03535076295890834
4bf58dd8d48988d115951735,0.00661966765471426,-0.37464700984101595,1.220846158152054,1.1485203474838228,-2.0114498553501647,0.5521010366417768,0.8892118710379049,-0.7473303051944055,0.9386420821063726,-1.0380011767110544
4fceea171983d5d06c3e9823,0.8191307421545053,-1.4190663289829215,-0.5043204420828623,0.3019100500735973,-0.22793751176874924,0.8489761350195297,0.49597970116994355,1.0720343697559696,0.5662755295534064,0.10487191745474765
4bf58dd8d48988d107941735,0.043281601765192045,-0.33129032292047395,-0.04784953818806323,0.34284229841267894,-0.24094427864800366,0.6570048273849395,0.03647836442455311,0.7722690025608666,1.1583577297677867,-0.34754073706765554
4bf58dd8d48988d127951735,-0.7164415926045073,0.5934053564802523,-0.2848393709998843,0.359196205985494,-0.9061823088666219,1.7754077242219801,-0.1652892408217847,-0.3536171126869528,0.7157551398743383,-0.6551481870232315
4bf58dd8d48988d181941735,0.45094617446594043,-0.5816943115564793,-0.31808359617870463,0.48910844788719876,-0.1502898825248722,0.6551692890839358,0.388205310587847,0.42625238886761657,0.49714712119487064,-0.30342220170560946
4bf58dd8d48988d18e941735,0.711723088344502,-0.8693834470843269,0.3550677762211682,0.43807940369623427,-0.3212832129757336,1.1758847331954,-0.3592646774748322,0.6027912975212492,1.4849893547681203,-0.18201036465568887
4bf58dd8d48988d1f1931735,1.0488664300865285,-0.9052509548170283,-0.331684514330252,0.5660937058303107,0.040726042376982484,1.4291094928971744,0.2877369848950641,0.40282747613362396,1.3717161283742492,-0.017962777903900357
4bf58dd8d48988d159941735,0.09316318450674653,-1.0450350430738085,-0.1425367433651124,1.8907158274180995,-1.0662400968204395,0.055844628848776647,0.9654942146707276,-0.9627159660228801,1.6284041762094614,0.02431722688391245
4bf58dd8d48988d119941735,-0.15604475797220058,-0.03739316619192373,0.2838228400407134,0.5791583038389999,0.26651283536691506,1.4148000791220519,-0.9090024508929757,-3.8185057156284435E-4,1.4267151118744335,0.8755659131911281
4bf58dd8d48988d124951735,-0.8533356333591843,0.01149681346253651,-0.3289016690098509,0.1531830614243307,0.2791557521801275,1.568121464669133,0.6961024151183678,-1.003831385798063,1.7789538024682245,-0.4657710703357771
4bf58dd8d48988d1b1941735,0.09123749730592572,1.6003279271786994,0.01825352885838877,2.3154912334434927,1.3895703976042018,1.2054040945361475,-0.19750133400271444,0.5559684561199453,-0.3552656880528755,-0.3695805956026848
4eb1d5724b900d56c88a45fe,-0.023828039885437465,0.11195315642907157,0.01084333454217095,0.33747003595578345,-0.1974975136418781,0.9193300559713503,0.09673329523863847,0.2542845802843494,1.0119692553835644,-0.42258308067882605
4bf58dd8d48988d1ca941735,0.10107292538288,-0.043199292974286554,-0.1619193258514747,0.5312157528935155,-0.29279473919879906,1.452897867698676,0.0705683711871048,0.3968019699670853,1.3239747608868504,-0.35978794640430706
4bf58dd8d48988d1e8931735,0.45011561813697726,-0.5527376906489929,0.188788667326317,0.3966073886403717,-0.11403935111200769,0.7101342224604605,-0.00929597982526179,0.8649110664534504,1.3001494241444378,-0.28454179631593635
4bf58dd8d48988d1f2931735,0.5199483265116764,-0.3199091050743015,-0.09135468191850649,0.5622716455849053,-0.26627807778704843,0.7534029090942305,0.12410823073906495,0.47397673015725167,0.6946511050840676,-0.36810234039029727
4e4c9077bd41f78e849722f9,0.2709598911456646,-0.14780058430116824,-0.232186470280285,0.3026114797974464,-0.2839452309039884,-0.07326992319690534,0.4258456348080675,0.19049318700799325,0.34834682929025035,0.1219763571453954
4bf58dd8d48988d118941735,0.8378189097020651,-0.46451843858492464,0.38371173189602653,0.40666134996463116,-0.4689609427620652,1.1414184693026928,-0.5102116275265319,0.818946729353182,2.1080617370963517,0.19560838987347817
4bf58dd8d48988d108941735,0.13733724067265762,-0.202726770208359,-0.10272155911593679,0.43740148563984677,-0.4094877745635301,0.6781663309237176,-0.021932333208272387,0.6012532978739034,0.8600757447753494,-0.590323525570458
4bf58dd8d48988d168941735,0.23353202739486695,-0.3075475750056911,0.3395766434033228,0.458045150800595,0.024338223486136523,0.7204061700887575,0.41384793104125095,-0.044712048907124644,1.1787991431053184,-0.4705775551690366
4bf58dd8d48988d1f5931735,0.061376403799677015,-0.3367235053658218,-0.14367628109556183,0.35145580464690107,-0.7123271046550115,1.0216783603393313,-0.24605178168210323,0.9135215761117026,1.109579942415856,-0.7385941739410575
4bf58dd8d48988d120941735,0.4381000053525565,-0.21376774572156795,0.6280478862809059,0.09541433160536417,-0.6288392366127687,1.0345376791814103,-0.7970855563309275,0.9374613247077712,2.1154419402036946,0.35477904368277546
4bf58dd8d48988d180941735,-0.0487531038496225,-0.04466720736098505,-0.028336164528845995,0.4929046005190308,-0.44347420850741204,1.6055225765995256,-0.04829415627034987,0.49515596761022057,1.3438406766949103,-0.7149404542320568
4bf58dd8d48988d1f9941735,-0.012035526040246386,0.051230718495562495,-0.05620582637209715,0.07689168228686848,-0.04107356172687308,0.17482872487922788,0.05754755462951986,0.006768226826917636,0.17882539562000332,-0.03688525823899738
4bf58dd8d48988d1bf941735,0.14839176675316612,-0.0486640935226206,-0.029971831908543144,0.3506917563625057,-0.5389261634866682,0.8967499148003284,0.020189179029584853,0.7575355356565995,1.132608191408705,-0.40928339269247155
4bf58dd8d48988d123941735,0.2643875981307961,-0.5313476442440366,-0.026204190525006683,0.5424287803185457,-0.8098529772688527,0.7645192692437722,-0.238242280707523,1.2296576714457612,1.6743962457978612,-0.6172201417389701
4e39a956bd410d7aed40cbc3,-0.013437246202792337,-0.002487508880765871,1.2582170429607518,1.8454581624197546,-0.5066190978462286,-1.0695909278156346,0.661746334414366,-0.5128140333731886,1.4104662039251026,-1.993442769858082
50aaa49e4b90af0d42d5de11,-0.007395890264948737,0.038846182525882296,-0.19328770508875684,0.18141215476375802,-0.11728049302133127,0.20555757380024392,0.18327574625695742,7.756095975696229E-4,0.32711825047417487,0.03319955573516906
4bf58dd8d48988d18c941735,1.221186961031872,-1.0499675329878146,0.7653817024876766,0.477465127307886,0.2426416825184145,1.4535587318627068,1.2121991835047499,0.8558742713215393,1.3894810161727222,-0.21858959534536143
4bf58dd8d48988d12c941735,0.8096508671290804,-0.18506398176272668,0.1985266287296978,-0.6232327266594055,0.3750235744062997,0.8753427262155081,2.517594735309035,-2.374337830185587,1.630421218806374,0.651449365189781
4bf58dd8d48988d1a7941735,0.17108642693882423,1.7150457730734916,0.12739074296656583,2.642442316802993,1.5322536816560397,1.0535808529301383,-0.029667130470795146,0.7435978520663418,-0.027378676395658715,-0.4116670175477686
4bf58dd8d48988d166941735,1.2548906129400528,-0.974005098536219,-1.0223315652441276,1.4012696276730894,0.07174611165676827,0.4446286154516534,1.1017693720632846,0.23369379849247404,0.41887353204148264,0.23053957842554745
4bf58dd8d48988d13b941735,0.16511106134751052,0.49502773659971644,-0.23979867387937598,0.8045912708162375,0.25064262153507283,1.1337506825646224,0.7876655715069538,-0.6908021693605239,0.8103035030324554,-0.44047587030302543
4f4533814b9074f6e4fb0107,0.18383450726673434,1.0527334483999247,-0.8307154896802138,0.5404655711000237,-0.03496224378507372,0.5130545703369979,0.8899787248311734,-0.9331171307261953,0.07680552655594884,0.23047254352810737
4f4533814b9074f6e4fb0106,-0.00828616201177547,0.9760130220143504,0.2670250408975452,0.8069592902549718,0.4510551728434626,1.1163443208485702,0.9310340239651222,-1.9496668038729308,0.21127293784475254,-1.3895321291691691
4bf58dd8d48988d17e941735,0.5958956097398906,-0.648496428166548,0.131528023607622,0.47472646604460045,-0.8269124637836422,1.3909426563401015,-0.5353324567231823,1.0661384735258184,0.9615342023773668,-0.8031280886097809
4bf58dd8d48988d117951735,-0.002230765630069539,-0.09304872950084572,-0.9616326763505513,0.20465647268727327,-0.5664947782936817,0.9638783272745681,0.45606682988072383,0.5217706246157393,0.5837766715570926,0.053973141059393145
4eb1baf03b7b2c5b1d4306ca,-0.08913723125967446,0.03283787986581071,-0.23722236939828428,0.12147721251548095,0.01841089806601193,0.393433850046845,0.27328975388081544,-0.4204610764730347,0.4762515975268019,0.022305676772068312
4bf58dd8d48988d12f941735,0.702666799145523,0.25756080384850066,-0.7885400687822869,0.9899860484913171,-0.32291773762540155,1.6529966157202363,0.8314088628606056,-0.5180682387110339,0.04822299715106965,-0.7927403122158081
4bf58dd8d48988d119951735,-0.27348775130154934,-0.029469352343683048,-0.1962894703778866,0.058016842606591325,-0.911098859195847,1.1108822823844238,0.018152347910863183,0.3124845049560047,1.3687228617590463,-0.4380207410405256
4bf58dd8d48988d116941735,0.3313383755211434,-0.21185608440507156,0.048327301430478795,0.433078783007439,-0.20436824298949394,0.8985636917085206,-0.003173872112797268,0.6777514409870893,1.4630394727199199,-0.12584279102096785
4bf58dd8d48988d18b941735,0.9558224067742164,-0.9821068196930183,1.2842807759620414,-0.01585102917982525,0.8490964372850508,1.4563578699777386,1.0416373744048903,0.8996327820981601,1.441946713841127,-0.7139944395103401
4bf58dd8d48988d1f6941735,-0.7412862560422833,0.8140809812633537,-0.6520621853758096,0.3208830271165108,-0.3400864862233284,1.8149474238726644,0.4781788199258253,-0.21323773252168982,1.253388184414284,-0.2914819658758146
4e52d2d203646f7c19daa8ae,-0.04402384698929912,-0.07160263127941104,-0.4192905460346473,0.4627986159108594,-0.36432266480760034,0.5772136103409053,0.31729995795626065,-0.2985523960680289,1.1660706319257934,0.09794807177644174
4bf58dd8d48988d172941735,-0.4857811039000527,0.6908055575360662,-0.9208695322880137,0.35172421266685033,-0.4364920714245983,1.426764394990095,0.7863155729300276,-0.9986429575407995,1.2349016360610483,-0.502196940915961
4bf58dd8d48988d122941735,0.5024288558705695,-0.9349830214758321,0.2805220626684645,0.3701344794263494,-0.40210201350110353,0.6340384264905367,-0.3959719337097947,1.0897640084452442,1.9331097032426947,0.09083665530460433
4c2cd86ed066bed06c3c5209,0.07516966301956973,-0.02321668150514459,-0.07484583662456414,0.2970523684361922,-0.2829495404188696,0.4224190349745189,0.14966256118949883,0.28622994999717466,0.7416522434646402,-0.27038835845239767
4bf58dd8d48988d17f941735,0.08372489534741352,-0.03531849469756236,-0.07245911360094771,0.4346722187541275,-0.26895167104009166,1.0524056786825136,0.12726536263830845,0.3712698102690077,0.9441237692577413,-0.4490429694938949
4bf58dd8d48988d1b0941735,0.869062724941052,0.2974751161799116,0.49312602846952824,1.7887551810929196,1.684467402479664,0.9388586652686636,-0.37443754251798816,0.746096437028889,-0.011430105270038494,-0.1531220668955104
4bf58dd8d48988d1bd941735,0.18691786175097588,0.1856415502816069,-0.18242879265278683,0.8192370785714205,-0.8207035914095303,0.6759731462271337,0.39141689448510414,0.5435678923712814,1.3850404023318577,-0.90526515248981
4bf58dd8d48988d173941735,0.2839981297725899,0.14974025930857218,-0.3964008869469762,0.3213316245264621,0.06234460364831253,0.5835970193646984,0.5844250586395705,0.15136518066663923,0.7123189647665189,-0.34096452305778796
4bf58dd8d48988d1f4931735,0.12028277592422015,-0.8499281232944018,-0.21318121933399903,0.03828233083047835,0.39503490543790126,0.47628980982222563,0.5519890227194154,-0.4784214593417588,1.5803915224677239,0.250514233585416
4bf58dd8d48988d115941735,-0.010888567404764342,-0.10623539323368508,-0.05592672092438838,0.5553896760889209,-0.5022492425710064,1.1306371144441005,-0.30082899403602253,0.7332778896956269,1.206597387130723,-0.7705168796609385
4bf58dd8d48988d123951735,-0.10450943863037296,-0.05288616273230019,-1.0596877661702961,-0.2403908799482236,-0.573598538085309,1.1339433235453247,-0.13326069956479192,-0.473985698596323,1.3974655741890907,0.7417895929003854
4bf58dd8d48988d1f7941735,0.05919036083392205,-0.32961110577925934,-0.39422103686554677,0.4129873722551828,-0.7174473726207486,1.0955043916255005,-0.014464474084349907,0.4989611235819035,1.1427452677178345,-0.3897990383356943
4bf58dd8d48988d118951735,-0.3697934854630734,0.7096298627247147,-0.5534014511774004,0.6642944000321137,-0.40950928589154606,1.5529907108353853,0.45794889925144955,-0.40624932559210475,1.3204898550459412,-0.3157960537160846
4bf58dd8d48988d1a6941735,0.37945414957217505,0.8411342823542006,0.30725811535114794,1.6880853626598902,0.5472707401723931,0.702620957814985,0.058246080210929516,0.6589473081641382,-0.1795763095108065,-0.7438524748728675
4bf58dd8d48988d121941735,0.43765037424718345,-0.4720780316449432,0.0821397525832576,0.38211584358569056,-0.30338160284195104,0.9726128350500717,-0.28689723708786957,1.0549379786167772,2.0186967469040553,0.24821192465919015
4bf58dd8d48988d1e9931735,1.0046733585236445,-1.0942929376823454,0.1760150811489854,0.5008315226740768,-0.3154151873932281,1.33600457418731,-0.604817738959434,1.3554936369644024,1.769568237098741,-0.016748393449148587
4bf58dd8d48988d12e941735,0.7995521914415252,-0.1374212233571584,-1.1891602465179463,-0.5449057254677852,0.010672393878775279,1.2993613691884651,2.1356411573474112,-1.388779226491746,0.7237952309092353,0.6728386213113232
4bf58dd8d48988d1ae941735,0.3319646435500492,1.2740990717984335,0.03334499418229322,2.360849024472403,1.2593014265419096,1.3890085121070708,0.24319835219877484,0.9143443258537166,0.10189592899714657,-0.6620532626470909
4eb1bea83b7b6f98df247e06,-0.8969467925995322,-0.5318646151685217,-1.897732229867915,0.8652087572313608,1.9280844408033557,-0.15441482546501503,1.04147602748512,-1.384780474614486,2.0374715125615417,0.42536375326209963
4bf58dd8d48988d144941735,0.10024707812069757,0.012536167043626565,-0.2897150527634786,0.3913992594108995,-0.3314668749961866,0.9841609878436189,0.19757865362046584,0.3331410953627583,0.9958342907230797,-0.24250434043678465
4bf58dd8d48988d13d941735,0.37871747031185776,0.3990128576162523,0.21607341035728442,1.359572816112297,0.9004433735844135,1.9914050034296593,1.339814885336591,-1.7508224264379064,0.47976770879204683,-0.873151129043728
4bf58dd8d48988d1b5941735,0.03085457273984707,0.020152470158332204,0.05724530383995862,0.31218885938727126,0.14337799370638304,0.33159097489603123,0.04734190411486963,0.2707618455357001,0.24789221845653253,-0.18189106296132695
4bf58dd8d48988d197941735,0.3282974160038439,1.696394213172111,-0.08573376358446975,2.621589819934387,1.6465354749755743,1.1669120681205156,0.04406973994180105,0.6081619686791316,0.1385396283752691,-0.3180489702849132
4bf58dd8d48988d120951735,-0.034137606049565325,0.8861570876917565,-0.9228875690269505,0.5693520022619749,-0.24418796307699772,1.370624300139148,0.5267173053914699,0.40669729283257494,0.5247428985818845,-0.38171029584590327
4bf58dd8d48988d16a941735,-0.13694464075470117,0.10459082666023155,-0.4551005733750283,0.6002958889249315,-0.7214085734773068,1.2433844954910096,0.26321596026634336,0.40295860107702763,1.0111833282552791,-0.7621744247208242
4bf58dd8d48988d1f5941735,0.1524800924411368,-0.03382247368572046,-0.5058556811890275,0.4002183008019887,-1.1656832747390868,0.8182171233977796,0.13576687951421812,0.8803210797606567,1.0647543889819004,-0.7645528765706595
4bf58dd8d48988d1fa931735,0.11328590269996756,-0.5400335728330612,-0.832341546882141,0.2571897253052936,0.20283004301408658,0.7480491673490907,0.7556060370721828,1.4894689467339206,1.7345085982203454,-0.2619042662723599
4bf58dd8d48988d133951735,0.25393984011071613,-0.21206049999006502,-0.07010397429407142,0.3641926317609714,-0.20187463480741646,0.484649485013809,0.20085972780590886,0.5863611379791798,0.9584052456657073,-0.22371624243978164
4bf58dd8d48988d12a941735,1.3597919641593872,-1.000625615538035,-0.2935386691509949,0.9696848728596797,0.046390407049971744,0.00654463987838731,3.2145591962568143,0.10556248928757758,0.21812023147478604,-1.3480654675646297
4bf58dd8d48988d1c8941735,0.14696401235158046,-0.08003089436342961,-0.1991264667146692,0.4361174273445861,-0.2459833034860912,0.6110752204014055,0.21507455812627602,0.18414416509326068,0.8091350376611465,-0.20383972754234286
4def73e84765ae376e57713a,0.15449760979912797,-0.05239251719362749,-0.14217070547830177,0.3847596895775594,-0.3753191519921269,0.7486452377972262,0.16089584762779782,0.42072003958522136,0.8726319611288644,-0.3888175681867239
4bf58dd8d48988d117941735,0.5324996164963842,-0.8702989525262997,0.2936342687891815,0.6028894269530913,-0.608652315973516,0.8101477903452798,-0.09340643848485405,0.8259440429637515,1.9940991346536237,0.08052818987847951
4bf58dd8d48988d11e951735,0.20087961213279718,-0.2044261938081813,-0.23666186428308691,0.40218982073021503,-0.6007755940128013,0.7527909265082939,0.08969510907621413,0.5488791244662998,0.9445590776613587,-0.3960314427199849
4c38df4de52ce0d596b336e1,-0.1855870772319844,0.8087646628356355,-0.8808033722009331,0.4619831161505307,1.601705876598582,0.8766783899225911,1.5401272683986689,0.22193797324553205,1.2067328751699118,-0.06828637973964911
5032850891d4c4b30a586d62,-0.3433785961254114,0.4889442544581002,-0.3445875690997094,0.06848811347512224,-0.002721847343144161,0.7919393413510252,0.5587989520051495,-0.695224111787378,0.6629676775097927,-0.07461675451068871
4bf58dd8d48988d157941735,0.2887907382873915,-0.6051375772123251,0.07234406849252238,0.5372475238187976,-0.7368238119705447,0.7812889092686746,-0.17227716085919878,1.3910195918877204,1.6719429061918945,-0.7239816619834086
4bf58dd8d48988d131941735,0.043641526137561386,0.061459386927047235,-0.11089255180763413,0.18576762530313914,0.04456989282807688,0.3270946131500802,0.1757366853675816,-0.06573768469284617,0.273906052165282,-0.12214048816351705
4bf58dd8d48988d171941735,0.8049306376894778,-0.6754410711200245,-0.6404923546537922,0.8348294195284636,0.12923894573521003,0.9010740136359079,0.5191228265476362,0.33854066999897775,1.2406272489646948,-0.7265632109342988
4bf58dd8d48988d12c951735,0.6121896739942504,-0.6833246580552645,-0.4697632674274135,0.08048607343955501,0.08468935063004415,0.23057195422383645,1.1461402449278457,0.3763917623780771,0.685430365723063,-0.12360545638102204
4bf58dd8d48988d149941735,0.16161794360658097,-0.1624857664670976,-0.1708868701984136,0.6592698166755163,-0.7873415279076376,1.1335671332307544,-0.12827990558633665,0.8199476606510157,1.2653663976828575,-0.7482713137689544
4bf58dd8d48988d109941735,0.3643674919535681,-0.4896804703782422,0.045142272028647706,0.5851753996852891,-0.5972242902075442,0.8390321291410114,-0.17442776997068635,0.7391470672677067,1.3018965497173793,-0.6289735795504473
4d4b7105d754a06372d81259,0.0036903237663272427,0.022633758909097617,-0.011558220256554515,0.03728314022305794,0.017630449957441004,0.03778824628484402,0.01880766513129024,-2.0204396737807346E-4,0.01996434963221068,-0.003721413491776745
4bf58dd8d48988d192941735,0.6215968238812104,-1.1209327900676078,-0.15725701251945154,0.9466222779138026,-0.1493174321011978,0.40493089558969453,0.08599115195117273,0.3480923833095228,0.3975383116237387,-0.2014969959264479
4eb1c1623b7b52c0e1adc2ec,-1.9302417297227348,-0.4143947891516663,-0.10653362847487605,0.108307040904288,0.5141362117833294,0.6273434332985078,-0.04491752029780611,-1.372709840657031,2.4186966505205794,-0.7386687472995493
4bf58dd8d48988d1fc941735,-0.2328020053668578,0.6745259217945223,-0.6748580672071406,0.5950788490649543,-0.6327191397028622,1.333326890882235,0.43351269897949724,-0.44469693739485566,1.1372492731185853,-0.12167862735042811
4bf58dd8d48988d1bc941735,-0.13240040569936498,-0.14001458212818346,-0.3580459783694078,0.6117347860506243,-0.8436946013645952,1.4169647927334252,-0.1305807063521376,0.7393141227801311,0.8365528423288108,-0.688829905626241
4bf58dd8d48988d136941735,1.609345732480325,-0.7985907984280672,0.05712542006853625,0.4676880940951129,-0.7375741442934621,0.751097531756481,-0.0838424396028634,0.9260666063308145,-0.42075552487019924,-0.7658063897385169
4bf58dd8d48988d152941735,0.17732167248654082,-0.1944467363071157,0.009757403315435283,0.3124622042539023,-0.29996665384207355,0.6009505264649233,0.04398480028228429,0.5170766919535703,0.9113660751368772,-0.2919719255044534
4f2a25ac4b909258e854f55f,0.43030515712639833,0.2773488548197366,-1.3188565937279966,1.1558733675746682,-0.4629514871211837,1.0009506058011999,0.8542402608855275,0.11282931229049825,1.2327702911607106,0.9494544712778651
4bf58dd8d48988d1d6941735,-0.4164277529360452,0.03099332904396815,0.20600943936592794,0.08144911827617224,0.42503033835153037,1.0930979194562418,-0.3449897965088821,0.23314030372397826,2.438734199402468,1.813072587039029
4bf58dd8d48988d112941735,-0.6284035083471476,0.43751229205824055,0.027286847659809123,0.7231736770654238,-1.0190024604724859,0.8406214365990886,0.041396880605036296,0.526027873857228,1.347887423718127,-0.9396170894692395
4bf58dd8d48988d10b951735,-1.0327589940074189,1.1536200580243123,-0.9151297325471746,0.2089589746098469,-0.5927190174910454,1.9297594462420702,0.011855952819584086,-0.3230841470307277,0.450406563035877,0.08465085096482995
4bf58dd8d48988d1e7931735,1.0895224315904164,-1.3652247477208652,0.2751914236741189,0.582245935855372,-0.5594688532188614,0.6049489267755991,-0.34669531483835664,1.453017847253681,1.319227286083434,-0.331588627989962
4d954b06a243a5684965b473,0.15470391369124767,1.1669177386799907,-0.670607888701572,1.0606529550515156,0.06276289497287281,1.0904550574209062,0.27678687151970915,-0.23441630621656503,1.6541080940459174,0.33942465604351185
4bf58dd8d48988d1ec931735,-0.25769124519648373,0.12857716007357026,-1.7908931741697496,-0.3551711674113264,1.1798040677523285,-0.5305189103961147,1.938192442528265,2.1579293709039904,1.3400534352944977,-0.03646655362692418
4bf58dd8d48988d1e0931735,0.0716467553658312,0.41013622923569804,-0.4945568442775223,0.8437111374876589,-0.5545762809616076,1.2675811381069855,0.4701804708965486,0.49369441180592616,1.2611667728847602,-0.7313772308396652
4bf58dd8d48988d165941735,0.3450629085107962,-0.8364166963629495,-1.0544662919319778,1.3744629106267179,-0.4504866747986488,0.4130000944691799,0.8741080141918482,-0.6079423659442487,1.2230628642897767,0.8640043291935148
4bf58dd8d48988d1ff931735,0.9935023561554097,-1.1178856131881572,-0.7689081205723065,0.11035190465641045,0.822732827859336,0.7773079412898861,0.9022464957522037,1.2061921987381048,1.1962600589181716,-1.0334120583583672
4bf58dd8d48988d1cd941735,0.1100748737620076,-0.06772221257946182,-0.05592924552098416,0.38902149002223835,-0.2961669451617677,0.658085618872882,0.09491233804624173,0.4691454813898092,0.8954365380756435,-0.32792213175300955
4bf58dd8d48988d1e2941735,0.1574843180023123,-1.1190177725182078,-0.7390772881653221,1.0444731633673143,-0.7322134170326514,0.48994607144855173,0.4339441735010264,-0.04834225764583624,1.4895175470225261,0.6877140509635777
4bf58dd8d48988d1a9941735,-0.1355614041691229,1.3293149199674794,0.6455415831719559,1.9304518497536554,1.1695886604591916,0.8376767640785981,-0.421441992007613,0.3458306798709687,0.12965464145587902,-0.4007546308489804
4bf58dd8d48988d1a2941735,-0.4242343810662631,1.748593321611181,0.17630389674274058,2.1432747349427426,1.6230157309739859,1.9464456643330925,-0.030496286245647902,-0.027317204620698414,0.22248832625280462,0.17248877824650125
4bf58dd8d48988d176941735,-0.12532159523357847,0.5588927681952657,0.7108962856698313,1.267903852897329,-0.635475039237223,0.5582634902572501,0.9775846453419197,0.07670290952631732,2.0728366088950243,-1.1262144124202838
5744ccdfe4b0c0459246b4d6,0.10117551982119738,0.6786772960343566,-0.33233200027157744,0.06330726390269731,0.4145151615388876,0.5712245803671887,0.6631293095961878,-0.32414029755130835,0.6786887637808694,-0.021592238153993585
4eb1d4d54b900d56c88a45fc,0.08673983186525172,-0.11183961300872237,-0.23009304838631814,0.5675730510415529,0.045878381123987025,0.3877609166048483,0.3751167348276588,-0.10604359839458811,1.0018111714015627,0.22988061696371848
5032764e91d4c4b30a586d5a,0.14193106878353884,0.021808876519959344,-0.11927684819759624,0.19360758602396663,-0.03442141606185199,0.23579529215455658,0.23571910365703555,0.014590223941392167,0.5291779685855856,-0.1631460197206538
4d4b7105d754a06377d81259,0.003093111875632461,0.007233505105260027,-0.01845596495520165,0.01854783968104791,-0.0012722143699333984,0.024992910120599437,0.02034106129745337,-9.193746170219025E-4,0.032827831128958686,0.00434069690540377
4bf58dd8d48988d1db931735,0.36527586440175275,-0.4393614463712743,0.050479217548329645,0.4939299507207751,-0.6715835258810263,0.6777017774754029,-0.1842770942731485,1.3532688532123067,1.6003945590786115,-0.4905248411618346
4bf58dd8d48988d1e5931735,0.7606027902364291,-0.6233724667157159,0.044624632553858706,0.4876182080821089,-0.15621005895865012,0.9937725332105402,-0.023837248019855845,0.8706844717936624,1.4410664054051046,-0.22796798997639664
4bf58dd8d48988d104951735,-1.1127109357960672,-0.17651260683563524,-0.6286270720495201,0.3031559906736859,-1.6490292453307458,1.3666079195428165,-0.20343036504966697,1.0308663765545598,0.9680542544751386,-0.3038176428846072
4bf58dd8d48988d1ee931735,0.15996910581092336,-0.2541357402938004,-0.563900264813419,0.05503725779324288,0.011525626630917921,0.3171169096323538,0.5309401888700984,0.2303405028603831,0.5694600501477515,0.10417189592455069
4bf58dd8d48988d114951735,-0.24743913413523963,0.3489236654498738,-0.8169285664005841,0.6775948693843394,-0.7256493865382804,1.9695505724414644,0.025735441057710032,0.34402189634516145,0.2810379108992297,-0.7159796832486085
4bf58dd8d48988d1f8931735,-0.06848516761591394,-0.6906717305445742,-0.4888413125326333,0.4561104720864128,-0.057431241307827695,-0.03189864315405474,0.6934631887990539,-0.11007329350756709,1.361410710414094,0.4098244794331323
4bf58dd8d48988d1c1941735,0.05696835164672498,0.023882547862918324,-0.06554248358310226,0.4992875139785857,-0.29500847320462054,1.2504669096341974,0.10701556503091134,0.44220164553736796,1.5022153952048247,-0.43542657044941635
4bf58dd8d48988d128941735,1.0216044395133996,0.692497450952067,-1.4163983282258075,-0.07498742420149847,-0.0074315440546912906,0.09504909136134082,1.4215897134616788,-0.2378132571037595,0.9717174668525675,-0.13767742153661428
4bf58dd8d48988d1ba941735,0.24142536859277564,0.26084244759075537,0.6865386590202502,1.193771321835455,1.0932726831786965,1.1031319657836673,-0.06680320223266747,0.5064506578457695,0.4778643846560251,-0.7682589848013628
4d954af4a243a5684765b473,-0.3475805912129633,0.7167505142230978,0.2994534300398554,-0.13029509204955714,-0.6107026286897337,1.0903545977080622,0.17367428110133132,-0.7631108825711881,1.2445415811646723,-0.5581709484769133
4bf58dd8d48988d1e2931735,1.1551202828184195,-1.1785886907581082,-0.9014681368479088,1.044331702284803,-1.0384149986290352,1.1796866557413197,-0.40388235365932923,0.7859993037306311,0.8677272772034647,-0.41073046167855864
4f04af1f2fb6e1c99f3db0bb,0.1641140868978249,0.09058129571525199,-0.17950825740092838,0.4363014374229565,-0.12506479441043522,0.42530807928057124,0.15184312842169326,0.5126025570275984,0.6417890169795764,-0.19818758815621862
4bf58dd8d48988d110941735,0.1222191361516984,-0.2986310853453137,-0.17526234875508215,0.47125405729801295,-0.5189661143977279,1.130214349086,0.17100789195666333,0.7471315760033125,1.5839902001883768,-0.6018100441695923
4bf58dd8d48988d190941735,1.3378217353311401,-2.0643082570607625,-0.7754890067174813,0.8679175041804383,-0.113408867487641,1.2526286755433123,0.9790761140518146,0.6608995866428801,0.052925080333506354,-0.48037558027436333
4bf58dd8d48988d160941735,0.2171077057160905,0.3129176794922466,-0.10045952064177781,0.7863400911115711,0.0028713966280209725,0.319604251065894,0.3035330969385985,-0.0995661694328824,0.466022229027701,0.2508796264858183
4bf58dd8d48988d125941735,0.7289689441825036,0.23033205210514665,-1.634221147631422,1.2703691662863068,-0.8754015902629654,-0.783948335940843,0.12884759135795562,0.4317606783232844,2.2121268102893064,-1.9595110990331168
4bf58dd8d48988d163941735,0.5751464079120583,-0.6074089669764686,-0.6579863428919179,1.3191866872711286,-0.7835674697860762,0.9518552890898596,0.8352316918274895,-0.17027565522463872,1.0766958425183584,-0.028864885314495
4f04ae1f2fb6e1c99f3db0ba,-0.62133726763722,0.29234284435750635,-0.2344609817674921,0.30463723985958496,-0.2583176845584047,1.2472563427967396,0.38169756281861306,-0.43600266431933143,1.456412376573701,-0.38718517137195957
4bf58dd8d48988d178941735,-0.0071425842109932875,0.6585048723179129,-0.04364108689601333,0.2885866149994009,-0.10022011991463377,1.3158762022748207,0.5033312226152403,-0.4554296561411004,1.1382805531836682,-0.6036625045845893
4bf58dd8d48988d102941735,-0.13570824940215986,0.07998972710907364,1.1750692362187425,1.7559286527758453,-1.874007510357232,-0.5976012995399375,0.594934581046809,0.46667598672010463,1.911404262221307,-1.9289019093458228
4eb1bfa43b7b52c0e1adc2e8,0.11057762760358332,-0.15452125696885433,-0.1774202586075915,0.4084629560816826,-0.42555537414632116,0.741716655628125,0.08695684606844763,0.69736977033726,1.100740739788507,-0.44954818287341763
4deefb944765f83613cdba6e,0.846878480843552,-1.5497466860071227,-1.2806730127129882,0.9231432855391608,-0.42408236287163253,1.1007550273611508,0.9010338614633822,0.24625921376442875,0.4353868694176558,-0.02134974641303714
4bf58dd8d48988d16c941735,-0.01208704404420753,0.007011597572554361,-0.13046518012948694,0.4844866277222389,-0.24901245630034877,1.4718150059936554,0.04106388689797326,0.41384567511629305,1.3639010492264385,-0.43718807227162826
4bf58dd8d48988d186941735,-0.31178910560292894,0.16993354086953832,-0.3879027393272079,0.3455417186209323,-0.5266498490493356,1.4404822857798616,0.10919653144173826,-0.2611789997116017,1.5964234196635894,0.3091619286750475
4bf58dd8d48988d17b941735,0.6515330468956381,-1.6893428298369049,0.20111038173609178,0.7179218681908712,0.4217930367518533,2.414022904054177,0.5723124119843519,-0.22227575475558153,0.8537380771621712,0.972064117396052
4d4ae6fc7a7b7dea34424761,-0.26660889235814333,0.5830432295488144,-0.5191773302779373,0.3199181382275872,-0.12830551422151257,1.4143103762865354,0.35430092081355746,-0.20674325200689425,1.2336454384112439,-0.17935945375575083
4bf58dd8d48988d1e7941735,0.32281869683206676,-0.39216689668410415,-0.4350712224844588,1.2728824385799893,-0.3475409503372811,0.9767623052340288,0.8286737648910506,-1.1000339356303888,0.8587129529293751,0.08801651657244147
4bf58dd8d48988d11e941735,0.4366851459051843,-0.658536921033854,0.08766767844098507,0.4490183461128862,-0.6318985908750097,0.761326385108261,-0.39498149297593366,1.3593576807422911,2.13411181665019,-0.22636963601299195
4bf58dd8d48988d1e4941735,0.4302469192871631,0.07771228235219937,-0.7847393336368162,0.5343597574346026,-0.15727940850846447,0.6851107226257743,0.8048892540901331,-0.2997876172846534,0.9446284377455892,0.5067680233014012
4bf58dd8d48988d19e941735,0.01602062814870881,1.9126257184988982,0.34697771631215696,2.7313219494993635,1.8386386274130229,0.8921591915654676,-0.39422446200619915,1.0769490922223235,-0.5014585323741074,-0.44117769951127195
4bf58dd8d48988d1c3941735,0.0494321538522072,0.08924209575222405,-0.03830915085050415,0.31738627547751047,-0.14945057162680592,0.6248520055250699,0.03901496376686444,0.3067527465591278,0.6395891193864165,-0.32018004795205285
4f04b1572fb6e1c99f3db0bf,-0.17812937647413396,0.1254774810797516,-0.58201264753142,0.21556930449594827,-0.0506372024632162,0.5910549717831114,0.40365321418525063,-0.3545584481948381,0.8295463346669184,0.39882007918285917
4d954afda243a5684865b473,-0.6153342059842188,0.7453932122542684,-0.29069039010796344,0.1967428107831774,-0.2694272307514757,1.0304082372743775,0.20859966346814307,-0.3117935310029807,0.8525870066811011,-0.400927071126936
4f4533804b9074f6e4fb0105,0.007942445729146746,0.8868258015477396,-0.04168557720947902,1.1122687394260224,0.7085101956348477,1.4548260734542007,1.4116088652172356,-2.6955256645726866,0.6331423643403014,-1.1073104673475136
4bf58dd8d48988d11c941735,0.11697988950769779,-0.27867553769525766,-0.06890680617368697,0.37916526211356266,-0.2632352652964471,0.7025814291829202,0.06377211645437034,0.44931424008324783,1.1501624182099892,-0.15830662496296544
4bf58dd8d48988d1ff941735,-0.5392118650365884,0.6456961871527639,-0.762212329130413,0.34763830237750204,-0.3252494555610441,1.6400437241010044,0.4634137881050817,-0.7376859700367902,1.2198173942014752,-0.0017690408535427492
4bf58dd8d48988d1a0941735,0.020935929849512827,1.4365109897110284,0.055137248048842076,2.3768451750287256,1.8353934705145638,1.381759603324901,0.1760006332025786,-0.33295427774939734,0.10446738129408706,-0.31781833921515823
4bf58dd8d48988d1fc931735,0.8125759390235769,1.107149166296625,-1.2728575389247132,0.3470472125780118,0.0854102854389597,1.1561311675631607,2.6718687711918676,1.2891178516944362,0.6541297143319019,1.0958631898491409
4edd64a0c7ddd24ca188df1a,0.08357825982167555,-0.0606595428738574,-0.2675262741397964,0.2574261066406534,-0.26488373909221685,0.5493171879977358,0.20618912060455888,0.17533764984554542,0.6411832147984938,-0.08017065879135787
4eb1d4dd4b900d56c88a45fd,0.5380927209463616,-0.43677827901924937,-1.0430701084121348,0.7639797500596247,-0.09577718190851228,0.43282323184676874,1.0460450991146304,0.013392289586900565,1.1135640934641022,0.5053801992656075
4bf58dd8d48988d106951735,-1.1822096094735066,0.5325647743951583,-0.45351183056588507,0.0027781892850400054,-1.4954882926275603,1.457944560608969,-0.3011955731882036,0.6835605173923949,0.7577248948276271,-0.13977071487360154
4bf58dd8d48988d1f0941735,-0.12517749641650058,0.1772458194498408,-0.08804896281027591,0.06174596641137257,0.005312897010344486,0.5104517385523032,0.08224115330292996,-0.08373100319501597,0.5406723322807498,-0.0028071055467914076
4bf58dd8d48988d16f941735,0.45456892152926953,-0.5241380129265427,-0.11349957883860767,0.3607768247169679,-0.3255250450534983,1.3254779732746613,0.1742075591817396,0.5333427525345952,1.1987111238414832,-0.22957635624274772
4bf58dd8d48988d155941735,0.4680614067938203,-0.6336715978366096,0.1623744330290226,0.4421643579035147,-0.5874715947633636,0.8655992625323161,-0.15694953079526625,1.2268654794834233,1.826822873784408,-0.6547245879039604
503287a291d4c4b30a586d65,-0.28453853994269734,0.353254394688837,-0.6888064890735885,-0.07856661675485142,-0.23597251597896401,0.545468825897222,0.6476574287313482,-0.6668403431677126,0.8470069476025323,-0.26161393141764766
4bf58dd8d48988d19c941735,-0.13588272762598105,1.384288742560633,0.24922928148512805,1.6969155376162732,1.5182870572294402,0.8932131643740098,-0.2416723940992702,0.11443217699193836,-0.2737129339294954,-0.34834491531862666
4f04afc02fb6e1c99f3db0bc,-1.0941435712356777,1.948049222580717,-0.8359849862620272,-0.1914201183514462,-0.848059308904547,1.4652738540759989,-0.11010692973198383,-0.871797528759305,0.7566340514780385,-0.20588300583457972
4d4b7105d754a06374d81259,0.001304753097191801,0.0012637372474887418,-0.004350476260237906,0.006016537419430387,-0.002616507430388405,0.010972255097380814,0.004559535162629428,0.004020869846780993,0.013268177708576372,-0.0011611704324688227
4bf58dd8d48988d12a951735,1.464779323469895,1.3074895661214316,-1.7860678855980137,0.569233900082257,-0.584906632273448,0.441337579814067,2.087588040714251,1.2473161183563906,0.28215783899511704,0.610378737033876
4f4530164b9074f6e4fb00ff,0.027588628841812936,-0.011580745246853586,-0.38518485396579344,0.373550122726392,0.282696377722033,0.7111971257719275,0.41644019385530057,0.03686721012153063,0.8668851494331945,0.10367447836459644
4bf58dd8d48988d14b941735,0.09784842122158717,-0.2726523757953926,-0.027106896588152733,0.28100510658484873,-0.45588526369176013,0.9967862147632178,0.13146175751434086,0.3225604317902527,1.259021764712486,-0.3720180484183529
4bf58dd8d48988d1fe941735,0.006787807268512689,-0.041316935868362575,-0.08088281904554212,0.3684258104100283,-0.49869001317386397,1.3437298616449256,-0.21227291270209706,-0.11397705894856228,0.9554246695126078,-0.26557068108675314
4bf58dd8d48988d1b7941735,0.12438297310976355,0.19024516177922723,0.10497347080217719,0.4080405911420737,0.2252651881035009,0.34072830201429816,0.1318932222803085,0.15537305102809787,0.17615220648208374,-0.18946306547132472
4bf58dd8d48988d1ac941735,0.29211460435243314,0.6076996052079587,0.2401329547794674,1.4327716693105406,0.5621315788627733,1.063676942526924,-0.4476667950597358,0.6679614380245865,-0.17058679472403043,-0.7363885250270373
4bf58dd8d48988d184941735,0.2089073474665073,-0.1953034885497232,0.0474022646700218,0.20907833483405835,-0.02123826550001216,0.4278297642594904,0.2470821871605321,0.2734898833100825,0.5105650957960991,-0.15947502138669345
4bf58dd8d48988d104941735,0.156448134194692,0.47497634839009545,-0.12946121754679996,0.12290873683044087,0.11475792764321163,0.8099282138181555,0.5471137056947661,-0.20723811379368043,0.8680180038929622,-0.2797522818348101
4bf58dd8d48988d112951735,-0.8684148342755662,0.3034828493142812,-0.5009860804208416,0.0788322957744072,-0.3004899977267325,1.5978806018596534,0.3013073086978639,-1.0018170050024802,1.4502674942414802,-0.33933430050042457
5032897c91d4c4b30a586d69,-0.10844066823880659,0.1947340034814572,-0.10295149308467437,0.1731052100853099,-0.3781629720158852,0.5581499551883852,0.03650933458861985,-0.14794557055255456,0.5926952404985304,-0.2241968820606458
4bf58dd8d48988d134941735,1.0152299335858608,-0.4560882555482097,0.595179652998872,1.1123779851836189,-0.6976920993522387,1.183578378966817,-0.15469136853943088,0.35579273105333986,0.3659289627285196,-1.3071927505434116
4bf58dd8d48988d154941735,0.1673252124376822,-0.5007181432478843,-0.12207401904289945,0.35270860698978895,-0.5173719765339816,0.7439783236480947,0.04252275201607035,0.927715444555992,1.1404003896492358,-0.5665519979970208
4bf58dd8d48988d14d941735,0.10003549145449424,-0.10217351894935674,-0.04733267658026354,0.15500598946797456,-0.15587323387702748,0.33132639375176326,0.08906944560411253,0.4458575188742935,0.6252925100845866,-0.15636772697195397
4bf58dd8d48988d16d941735,0.3015761792439135,0.12311770917980405,-0.4344076700957852,0.932642327829267,-0.5617459745602672,1.0954718462428512,0.05905735654737896,0.5818507400849967,1.0882997432670336,-0.8781307483891604
4bf58dd8d48988d187941735,0.780012496289562,-1.0252179104841945,1.3661454835208735,0.8769723047598561,-0.8627577736960576,-0.4540246649494751,0.8641397219501309,0.5309773006845248,0.8625870899761177,-0.895653140107371
4bf58dd8d48988d1c5941735,0.02004126233183609,0.47858185003650694,-0.36123900893397504,0.5657939501399915,-0.34930560748681644,1.286019994126213,0.3599842642322351,0.2635070055957398,1.340021654139235,-0.6278860566491513
4bf58dd8d48988d110951735,-0.3708666335335594,0.3704156994778391,-0.0615110658307277,0.4652241897821032,-0.6715696506259299,1.3366665156374586,0.20115555917341993,0.130880393120545,1.5632916022211818,-0.46932356138509124
4f4534884b9074f6e4fb0174,0.0797043878723802,0.015274917706775625,-0.25137629503853054,0.09066502595801045,0.21923862454506454,0.3445538554573143,0.32130878783486644,-0.2632429436634999,0.7665283921895888,0.29346955778120193
4bf58dd8d48988d1e5941735,0.21866372051251876,-0.7271556951708991,-0.1303570122660051,1.6896081926942892,-1.3050685849465014,0.30982283506751895,0.5601322692240425,-1.4608149305479874,1.5626430665050817,0.2586254995127148
4f04b25d2fb6e1c99f3db0c0,0.10086218303319239,0.1084846278672699,-0.8889702080410004,0.404637355754048,0.5041791047724334,0.28474963783805307,0.9234108642397503,0.46057911139619434,1.0681999145294887,0.3649383330050943
50328a8e91d4c4b30a586d6c,1.1948835487198073,0.3233534573862864,-0.08920841076543518,0.12901887368055937,0.26579519528745355,0.9208132938246105,0.9619508577910579,-0.5698867183204759,0.4445467440920711,-0.441961048831014
4bf58dd8d48988d10d941735,0.772893264708537,-0.975880187694384,0.09949286453198271,0.4358484077859131,-0.31095935184018647,0.7731122245522437,-0.20480069095913117,1.9209051842832474,0.9889822546719004,-1.381154826211046
4bf58dd8d48988d1b8941735,0.3389337559916244,0.12004562726897938,0.6688301363451327,0.9014872344682525,1.0089433169643456,0.8684409762127541,0.27791712303408533,0.21973711232872936,0.6662697316304781,-0.6776968856090525
4bf58dd8d48988d11a941735,0.3923499644962251,-0.45280663795164744,-0.012825889044491993,0.4194210529384552,0.17911472262909683,0.9845632730822522,-0.1814964859607793,-0.15785491875541557,2.0851094805914534,1.3578982139011944
4bf58dd8d48988d1d8941735,0.3765016118006552,0.49291149083093866,-0.20764026775314504,0.5404338486349767,-0.9492452461050052,0.9434837409360296,-0.3469702252949395,1.3101007481721356,2.410932935832932,1.2151720132889194
4bf58dd8d48988d15a941735,0.6734309016188927,-1.019105669726015,-1.010378160950792,1.3664693030330726,-0.3738761261294447,0.915885521835791,0.5367846370227538,-0.4352333099355031,0.5264407738935847,0.46482722019557854
4d1cf8421a97d635ce361c31,-1.2093642555613875,1.7488263803215416,1.1239896740462405,0.4472679727861689,-0.6110639103655355,0.9455797547086557,0.12268448240900616,-0.21194322443651115,2.175357781007527,0.26045901311920694
4eb1bd1c3b7b55596b4a748f,0.0822609656364117,-0.08377815665592205,-0.08877775853428162,0.2316322407727148,-0.27350886459956925,0.7513154678014059,-0.013541806600222198,0.4295168323158207,0.6841760058326384,-0.4082911339755941
4bf58dd8d48988d1d2941735,-0.06094286209580129,-0.1564313821126684,0.13237486506536722,0.5647532582506707,-0.5511762009902851,1.1030385476150166,-0.2421705335849061,0.9282524346293524,1.7129455789204222,-0.8445981176939529
4bf58dd8d48988d1dd931735,0.25230311658406784,0.25411600183748256,-0.33002507768127504,0.43492039056896753,-0.5745670763124451,0.7309748002546862,0.41983427602614753,0.4034395964587268,1.052463591757929,-0.619749321023633
4bf58dd8d48988d1ab941735,0.16727379578144336,1.7685924459387032,-0.021971225595109747,2.499036363519201,1.7294112976984792,1.2919656407138485,0.004264398081306632,0.6911723417151193,-0.10406458194981506,-0.5054901992265979
4d4b7105d754a06375d81259,0.006212879774998177,0.020125763643504338,-0.03461420684331885,0.04160905006827332,-0.005035890444396605,0.08580300987088367,0.044151539437283234,-0.0024093284985046374,0.10484280778935871,-0.011810670985611943
4bf58dd8d48988d194941735,1.110430880873728,1.7594129956767275,0.4071216586863723,-1.0714311593360852,1.16627590590462,1.3336166445287554,1.625589652972288,-1.5133268823352704,1.3510395396417214,0.1280121610705565
4bf58dd8d48988d102951735,-0.858924429931002,0.49004908385204565,-0.549093567936638,0.1911952798974098,-0.9760000762407063,1.329448638101345,-0.05604281131206888,0.42491887964392056,0.666753945690307,-0.26310442391163175
4cae28ecbf23941eb1190695,0.3140920668019035,0.001430959957965594,-0.27670331237932205,0.43927530942201853,0.03540406898077493,0.4778661281734389,0.5456366405564647,-0.28211672130742615,0.6535404516159595,0.1725077968223491
4bf58dd8d48988d146941735,0.5591540974148653,0.5234481453630119,-0.9526528214954139,0.5863473895298563,-1.0629314182408516,1.0415916282000766,0.5386240814480594,0.022947803412234947,1.1237298871378172,-0.0537789445571278
4bf58dd8d48988d142941735,0.018930135589676125,0.018362344608848977,-0.09577548401985052,0.23750540181524404,-0.15254551098180133,0.5672725315557223,0.07388889598016568,0.22080623507103678,0.6225272342714429,-0.24102032268405427
4bf58dd8d48988d1dc931735,0.012677274507921221,0.15179721008728572,-0.32180648021487596,0.6447810171844592,-1.0877790660394735,1.334929833832898,-0.4714567023630979,1.0119062478560708,0.575259570815276,-0.9908751360750631
4bf58dd8d48988d1c6941735,0.11957281469142193,-0.16929547260204109,-0.0753446059077694,0.30980814562203246,-0.3599840353684095,0.5449837929969942,0.06406374291509159,0.6102679895379823,0.8802077048873833,-0.2999600873018893
4bf58dd8d48988d19f941735,0.43358703191824327,1.9520977584287105,-0.20585417653545576,2.4875549456364747,1.7055521912781326,0.4927940048497927,0.27642397438973804,0.5020694256249736,-0.3199963552442968,-0.5441534517962789
4f04b10d2fb6e1c99f3db0be,0.08276020648449457,0.11456116208333658,-0.18292580042207637,0.2017754632073517,-0.019393834949546516,0.33848878011176775,0.1802607930619804,-0.18872571953710274,0.20898056257587513,-0.08676054573335704
4bf58dd8d48988d11b951735,-0.261172634784107,0.08888255390418806,-0.4533690765360485,0.23448742585614488,-0.39500729255772304,1.0512276257976274,0.2867555346763574,-0.6364421058987909,1.0078197464111387,-0.12633928703740072
4bf58dd8d48988d15f941735,0.3617258747988725,-0.2389934666944566,-0.5894794456706517,1.13601130560852,-0.005953592785889746,0.6447519851063455,0.8332022437149265,-0.6587746409766625,1.2579738601559705,0.4377701012797489
4d4b7105d754a06376d81259,0.0012442547619929056,0.0010518765217134246,-0.004242758694569559,0.005865655030171603,-0.0038668223569060583,0.01380901556237418,0.0046851207017043605,0.004537686826954484,0.019684592506093328,-0.0019215792276581147
4bf58dd8d48988d14e941735,0.04502073902967141,-0.16622871959834482,-0.07349358924769298,0.4131962229753566,-0.18857362300877586,1.296962143995961,0.2557688814682778,0.5903706773024265,1.5431118291370074,-0.5079556257446366
4bf58dd8d48988d103951735,-0.6219753222405476,0.46627530897568886,-0.5359967352043125,0.3400865823449552,-0.733895288674354,1.3299746408602375,0.17702446336690333,0.45350749530313583,0.744114295806879,-0.22228741626989285
4bf58dd8d48988d135941735,1.4832673312315448,-0.9050735315788792,0.014261967850890898,0.8158205791895712,-0.7361062481665557,0.8107758581486717,-0.2440691801052547,1.0886041572135214,0.39477111089246975,-0.32248046197448405
4bf58dd8d48988d153941735,0.08992502901616989,0.46233732823958057,-0.009798803483256265,0.6163089356529987,-0.24159735538703286,1.4506304243732036,0.061808495809442004,0.25014668439896515,1.2524911967715984,-0.4840173837179157
4bf58dd8d48988d188941735,1.107897054947905,-1.637640061378666,1.9737269416864414,0.9552057100039487,0.42759676569456817,0.9390535292667307,1.3782155118637385,1.2348591007089393,0.7381317714863511,-0.998544558702015
4bf58dd8d48988d193941735,-0.10716361138671235,-0.05275548223663247,-0.23592672513029975,0.3514493714702244,0.37037257019875053,0.9288792534542785,0.42400969343606143,-0.35350510939883323,0.7836040617420126,0.14831672356997785
4f2a23984b9023bd5841ed2c,0.4541930652074161,0.5167830349643344,-1.383029301065573,0.6698879115947116,0.14100630187389415,0.2510020703794448,1.2223324048617519,0.14552718025628858,1.1676696546352894,1.2445770990230594
50be8ee891d4fa8dcc7199a7,0.45958122061348233,-0.3330923046497138,-0.5491209730364944,0.6064191147615245,-0.79049246649518,1.0688880417148046,0.2457443337681555,0.7170088733046711,0.942273731300203,-0.4515205239921113
4bf58dd8d48988d147941735,0.28706433918849467,-0.06858369648407736,-0.24275037384110734,0.4285097547554179,-0.41881749332191703,1.4711971717679422,0.11478628250660364,0.42552564514726754,1.3614975187790124,-0.19869808052853158
4bf58dd8d48988d141941735,-0.10776778676308214,1.048381728594202,0.21055325061883504,1.091979839857859,0.9245946928019319,0.47581587513164697,-0.07980303861467114,0.16646742377853066,-0.07044061931316449,-0.20813363610445704
4e52adeebd41615f56317744,-0.48203786520296554,-0.28946091910216254,-0.6416314067527562,0.5735571989524352,1.0351964748037699,-0.505422898364076,2.7639337183887425,-1.337499040137265,1.7289273602917918,-0.08766566883967145
4bf58dd8d48988d1de941735,0.03879711491863796,-0.1515157523399233,-0.26873463378610435,0.29614997963200695,-0.03782510092214572,0.38738968659558,0.2841916137990576,-0.017937861187269977,0.6635463828850988,0.16750717229925802
4bf58dd8d48988d10e941735,0.045839184724940044,-0.18289104296792152,0.03347231863615442,0.34037558249178723,-0.4739996327015094,1.0444228388815149,0.23800973961870553,0.28032797491931705,1.385495140966713,-0.61759956638246
4bf58dd8d48988d101941735,-0.18586323817251318,1.0201037087252833,1.8998730912275035,0.787044728660612,-0.2565293703464191,-0.5387095478935383,1.169897705596351,-1.465213962632313,2.232717057861003,-2.0425390501865244
4bf58dd8d48988d199941735,0.36667660204127817,1.452506484088058,0.0669389493569651,2.5840360051535405,1.3091010058864991,1.229701688801673,-0.7131069362316155,0.9721280434643051,-0.16847330870818067,-0.4366364354265528
4bf58dd8d48988d10d951735,0.13295573870189376,-0.3424089722792072,-0.06456542250740925,0.33572681763335493,-1.0826201539179412,1.658896953642563,-0.6058239134304675,0.6748275001396512,0.5508727865055437,-0.36222728895785405
4bf58dd8d48988d1de931735,-0.13421439265019877,0.23073018702814527,0.2609878973606569,0.4101551135906972,-0.26527671829490623,1.260598256673455,-0.3130018453970266,0.07895720090023996,1.379127847673469,-0.001140318356862427
4bf58dd8d48988d1d1941735,-0.03035624005067052,0.060095090239889126,-0.3100094163263255,0.6814312534623447,-0.7307321208790718,1.253831529381495,-0.3871100110454287,0.8820147769097121,1.0993197972178133,-0.7702803319542557
4bf58dd8d48988d1fa941735,0.14983438482030936,-0.5448407408173547,-0.3697719862200997,0.5652066427656278,-1.022951179833736,1.155684308426116,0.305080203652793,0.26211470824106664,1.0206737435017061,-0.6722120197325003
4bf58dd8d48988d1e1941735,0.19125185428237398,0.21288261104469985,-0.21644108986557,0.695167749215871,-0.5512524317104132,0.7866218050681822,0.5034322591995697,-0.4407713703627652,0.8409215793283966,-0.15745938408879714
4bf58dd8d48988d101951735,-0.5567563244752082,0.3557020193076156,-0.6902034034969122,0.2381119132044293,-0.9265298473535195,1.7810310663510283,-0.41268867606202786,-0.38799347644487714,0.8963101358726985,0.08727848788349396
4f4531504b9074f6e4fb0102,1.1764899054139475,1.1071361593444042,-1.4198331115741127,0.22281428550313767,-0.36891525924977825,0.23954270652563117,2.041791428326099,1.4116096167032528,0.1551530932384984,0.3274768343674059
4bf58dd8d48988d138941735,-0.10058096215370863,0.11290153453715644,-0.13571432112419105,0.17183467727964621,0.32947549770624296,0.5461728730052321,0.34830794988435737,-0.7463431534799566,0.13011451977072422,-0.3805612894633064
4d954b0ea243a5684a65b473,-0.2543943191539673,0.9792092341818324,-1.0575506696472476,0.4499602020591037,-0.24431382338534102,1.5170040745195315,0.7412048006611033,-0.7373164017780013,1.3060216964384166,0.4017085654175391
4bf58dd8d48988d150941735,0.16347353959683447,-0.11824183930148725,-0.1141068360225863,0.3518477830930041,-0.2898475279363313,0.6562723911333748,0.1004053502254632,0.4190557429931835,0.9109999458329514,-0.22799342231915432
4bf58dd8d48988d1ed941735,-0.7221298172916766,0.5054891952506694,0.23814409837118178,0.3395949165056181,-0.9955394829667685,0.8958186815252154,-0.030555791012704017,0.5067148746388842,1.5339064692963622,-0.7186296873516367
4bf58dd8d48988d198941735,0.1972905140502643,1.2704055257686901,0.049617429069189777,1.9991767754549414,1.1021689057947326,1.061104534840389,0.10716248299010148,0.4247450452674405,0.2213482450983161,-0.42571510319910344
4bf58dd8d48988d100941735,0.8636635377177582,-0.7182279272977508,-0.6482078411423711,-0.03559874943013387,0.5747392523490474,0.41407277810712106,0.7388413380782628,0.6515319729624056,0.7794815437036581,-0.8834031126724026
4bf58dd8d48988d143941735,0.02481154593395191,-0.11408728673272155,-0.2253983323330014,0.42330461600428115,-0.26204849455858226,1.3620834749890554,0.17929448421092875,0.5722742560893591,1.414267394455394,-0.4312182126562792
4d4b7105d754a06379d81259,8.272121603258545E-4,0.0066188474568372605,-0.017548249135668936,0.011617475494761994,0.002923721683738194,0.016065168804925364,0.01744805804855717,-0.0011649426909059004,0.02315954772820541,0.002043041739327983
4bf58dd8d48988d1df941735,0.4726386952710272,-0.479974160998565,-1.5135652412684317,1.1691583967879755,0.1308907763262866,0.5816706009698808,1.3677479967458104,-0.4214111276117563,1.2194130136740533,0.956911321064823
4cce455aebf7b749d5e191f5,0.30274874063273227,-0.26967562831412434,0.8029580000403086,0.829239664839262,0.3047002996937328,0.6263190954885183,0.5355984081545733,-0.6646727686500653,0.9698966064715009,-0.617719466197302
4bf58dd8d48988d11a951735,-0.10753590853512868,0.11300929303928908,0.07980998686173442,0.38997030077877193,-0.3200382165551453,0.8734193728013203,0.14653821111412163,0.27775784213025817,1.035539965524516,-0.44663745196591564
4bf58dd8d48988d1c7941735,-0.15829775274186839,0.3838326965297677,-0.6149686831083239,0.5739312376527168,-0.029330239232822852,0.8852394701357664,0.5429079034989219,0.02449739452376811,0.7278548985394035,-0.2164028055058608
4bf58dd8d48988d15b941735,-0.14235590514805085,-0.6338861917702188,-0.49941320499242425,0.2543711609840165,0.44899014278871646,0.5102199538211769,0.7277189600272217,-1.2788355349045812,1.0273176345646615,0.10152315212179755
4bf58dd8d48988d1eb931735,-0.7840368298018056,0.03910772356406948,-1.3932702120623475,-0.19952544475265785,1.0191666045807,-0.18053759801051333,1.7240596722615595,2.0581052270949276,1.8107334848742769,-0.5147561554163049
4bf58dd8d48988d189941735,0.9850628824627947,-1.5041587095266091,0.9013640476974897,0.22520168382071123,0.9902604019548151,1.257022248031339,1.3957313563460259,0.742405850901915,1.1345928088830013,-0.6062652144063869
4bf58dd8d48988d15e941735,-0.2961735226178318,-0.47754478608115924,0.2873446968918505,1.4069570980268584,-0.17793510655145506,0.4440345234719127,0.5166458856253578,-0.8606573281539743,1.8872499137882535,0.23865855454707172
4bf58dd8d48988d1d3941735,0.20472244106591697,-0.2736598680917528,0.37354911602745844,0.9054716578936769,-1.3492159272148911,0.8197763282034866,-0.12256552167116548,1.0322628300610972,1.014167065086842,-1.2845002552571614
4bf58dd8d48988d10c941735,0.21492958193907905,-0.4348937942087478,-0.25905106462594113,0.5627714852632064,-0.8388565351211758,0.7402390904056263,-0.17516608959007615,1.4415621789822042,1.4325977040489215,-0.8547660769850518
4f2a210c4b9023bd5841ed28,-0.20705081222801552,0.40545060286823953,-0.740995813248003,0.8467910592177447,0.8806642778793881,1.037605290176037,0.6604484441968741,-2.013914817305673,1.2249708382013593,0.9939907748573578
507c8c4091d498d9fc8c67a9,0.7197870529002199,-0.5816378291458925,-0.6859623414904061,0.7538165094203404,-0.4638304172642184,0.7803624041731589,0.5596331898156112,0.7995008162041524,0.8682780025532009,-0.21602700293539165
4e74f6cabd41c4836eac4c31,1.281367295204419,-1.14932560772606,-1.6518389881278661,0.5479419737244267,-0.864799782744321,0.34712824162717293,1.1665903661164743,0.7649139764915218,0.6173949373594724,0.7716845547857328
4bf58dd8d48988d1e0941735,0.479827554332407,-1.5927878309461503,-0.9501060829198245,1.170690851311264,-0.521513666065644,0.2386290645726116,1.245583150912184,0.0794132117678425,1.4588837127369254,0.37057502150728794
4bf58dd8d48988d145941735,-0.08340690757000575,0.0864549361445218,-0.37453094697384165,0.3880130805353275,-0.517132332006706,1.4355992920010765,0.050222727958107956,0.3211330059602246,1.2284397167246555,-0.4977262163988472
4bf58dd8d48988d1c9941735,-0.2567659181140108,-0.14211821300178043,-0.2226438300016219,0.6987906137011749,-0.5192597432864451,1.6517479255572303,0.10741373216493752,0.34967798550562035,0.8444527821685534,-0.7055080181388912
4bf58dd8d48988d1df931735,0.21454947544014408,-0.3050053813799303,0.007563567567294991,0.29457753536703085,-0.1823778555290332,1.3948963586908707,0.07390884984891793,0.521476707871447,1.497743265275427,-0.578958603514682
5032833091d4c4b30a586d60,-0.07605852199398457,0.037716323326562565,-0.0881702743567825,0.1847013921329928,-0.22354124178110424,0.4513456919700218,0.22943681960081216,0.03034573345262977,0.5403945658459091,-0.2563710163613729
512e7cae91d4cbb4e5efe0af,0.09341462341583133,0.11761007657430878,-0.14388979322962028,0.5933094560975117,-0.6780703226629674,1.0134028463091707,0.044401635177486916,0.5651716697652364,1.0238129604760149,-0.5705577313162832
4bf58dd8d48988d10b941735,0.3877058307895605,-0.16969142584685076,-0.17605952471432174,0.4397149912901212,-0.6593982528565148,0.8490394107353338,-0.09275778953799882,0.9388737329074863,1.0112072114153277,-0.5844680184032064
4bf58dd8d48988d10e951735,-0.0159878981433532,-0.07023645706205808,-0.21064066690002164,0.31671075572312424,-0.3057297005133978,0.7008000945632283,0.20593007651327092,0.16511969610593052,0.8943033768588304,-0.31706403414141193
4bf58dd8d48988d15c941735,0.42942753387514343,-0.8239422529073177,-1.0124540837460023,0.4685670017621108,-0.18513388049852247,1.0729550306901998,0.8425901295369982,-0.6588628403004368,0.8794524411999781,0.3756581727332556
5032792091d4c4b30a586d5c,1.2341277129879789,-0.8328803131178041,-0.14037911078335846,0.8367450449188424,0.0801581751830016,1.5210523689964692,-0.3047931863121015,1.1538007588876065,0.9801584072590428,-0.4307247112578802
4bf58dd8d48988d196941735,0.9867730097460535,1.8981424874978203,0.197017572721672,-0.6857157508904302,0.7216739461695542,1.671680396705328,1.4226666557191843,-0.4443577429410015,1.5941990684017466,-0.5190703862682494
4f4531084b9074f6e4fb0101,0.035089033057879714,0.051177828170535324,-0.057664519219362505,0.15058215278248674,-0.26738879819233713,0.3534995691865897,0.08457625682665683,-0.021573664909339544,0.34464769652505733,-0.11939658500087726
4bf58dd8d48988d1d4941735,0.4396931744159805,-0.5709807891709106,-0.09595307256879308,0.9054170139480229,-0.04113380683207138,0.6098657632561173,-1.0298200950446088,0.7188757546164332,2.088183123359121,1.036388325530576
4bf58dd8d48988d139941735,0.16549717423391783,0.35432909251411043,-0.4612115698162867,0.7171315360563355,0.5468112639053789,0.785666149320958,0.8990224101172826,-0.8672147288365418,0.4257314869819379,-0.5532786221450193
